timestamp,cpu_usr,cpu_sys,cpu_iowait,cpu_steal,cpu_idle,network_ifutil,memory_memused,memory_commit,disk_util,paging_vmeff
1.01,0.13,0.08,0.73,0.03,99.05,0,48.96,7.68,12.32,0
1.02,0.38,0.3,12.25,0.15,86.92,0,48.99,7.69,100,0
1.03,0.35,0.18,1.41,0.08,97.96,3.26,49.4,7.69,31.6,0
1.04,12.81,1.87,0,0.05,85.2,0,52.34,12.76,0,0
1.05,41.3,1.76,0,0.03,56.92,0,59.05,26.97,0,0
1.06,27.58,1.31,6.49,0.1,64.52,0,64.04,36.24,0,0
1.07,18.53,1.85,0.03,0.34,78.94,5.57,67.55,37.41,1.36,0
1.08,32.01,3.88,4.89,0.65,58.1,4.62,77.34,41.98,45.6,0
1.09,86.36,6.85,2.98,0.05,2.98,0,95.38,55.62,12.48,0
1.1,60.68,8.34,1.11,0.08,29.15,0,98.56,68.12,13.76,0
1.11,54.81,3.95,0.76,0.1,39.73,0.01,98.76,70.96,0,0
1.12,24.91,3.06,0,0.03,71.9,0.11,98.85,75.69,1.6,99.99
1.13,24.93,4.48,32.19,0.25,37.84,0.01,99,77.8,17.44,99.92
1.14,5.61,4.17,32.87,0.2,57.07,0,98.94,77.73,56.72,0
1.15,15.84,4.42,35.81,0.31,43.47,0,98.95,78.04,27.6,100
1.16,14.67,2.7,36.87,0.31,45.29,0,98.92,78.06,0.16,0
1.17,8.65,1.25,43.75,0.31,45.84,0,98.99,78.1,0.8,0
1.18,26.07,0.58,6.76,0.1,66.46,0.01,98.93,78.04,0.24,0
1.19,33.71,1.45,21.56,0.23,42.69,0,98.84,77.91,57.36,99.79
1.2,15.33,0.84,36.64,0.33,46.7,0,98.83,77.77,100,100
1.21,11.1,1.02,41.98,0.33,45.48,0,98.86,77.71,100,100
1.22,11.98,0.89,35.5,0.33,51.2,0,98.94,77.64,100,99.98
1.23,12.89,0.74,40.67,0.28,45.34,0,98.93,77.48,28.24,100.08
1.24,8.38,0.38,9.09,0.1,82.02,0,98.81,77.48,0.08,0
1.25,37.56,0.91,9.47,0.13,51.81,0.13,98.86,77.35,18.8,97.84
1.26,14.88,0.69,42.74,0.36,41.15,0,98.9,77.14,98.96,95.91
1.27,12.55,0.9,41.59,0.31,44.53,0,99,77.08,100,98.56
1.28,10.61,0.89,36.57,0.31,51.42,0,98.89,77,66.24,100
1.29,14.84,0.84,35.84,0.31,48.07,0,98.89,76.94,0.8,0
1.3,31,0.38,1.86,0.08,66.63,0.1,98.87,76.89,0.08,0
1.31,12.33,1.15,37.24,0.33,48.72,0,99,76.83,85.2,100
1.32,15.01,0.77,44.21,0.28,39.65,0,99.01,76.78,99.28,99.95
1.33,10,0.82,41.52,0.33,47.21,0,98.84,76.66,12.24,100
1.34,12.02,0.9,37.94,0.28,48.68,0,98.96,76.59,1.92,0
1.35,15.72,0.45,6.81,0.08,76.84,0.11,98.84,76.52,0.16,0
1.36,29.44,1.15,26.08,0.25,42.93,0.01,98.94,76.47,54.24,100
1.37,2.35,0.43,25.24,0.25,71.62,0,98.92,76.47,19.68,100
1.38,21.26,1.54,18.43,0.18,58.44,0,94.59,76.36,6.72,100
1.39,10.72,0.67,40.51,0.31,47.64,0,98.52,76.3,0,0
1.4,13.83,0.76,32.63,0.31,52.37,0,98.82,76.04,0,0
1.41,34.65,0.61,7.99,0.08,56.51,0.12,98.92,76.04,13.2,100
1.42,8.08,0.82,36.11,0.26,54.6,0,98.95,75.99,100,100
1.43,16.21,0.79,38.23,0.26,44.39,0,98.87,75.93,27.52,100
1.44,11.5,0.79,38.32,0.31,48.95,0,98.89,75.88,0.08,0
1.45,13.41,0.64,37.26,0.31,48.28,0,98.73,75.86,0.24,0
1.46,16.52,0.18,0,0.05,83.21,0.13,98.68,75.81,0.08,0
1.47,10.75,0.1,0.03,0,89.12,0,98.63,75.81,0,0
1.48,0.08,0.1,0,0,99.82,0,98.6,75.81,1.6,0
1.49,0.23,0.05,0,0,99.72,0,98.54,75.76,0.16,0
1.5,0.15,0.05,0,0,99.8,0,98.51,75.76,0.08,0
1.51,0.35,0.08,0.03,0.03,99.52,0,98.49,75.76,0.08,0
1.52,0.23,0.03,0,0,99.75,0,98.45,75.76,0.08,0
1.53,11.11,1.01,17.96,0.18,69.58,0.01,98.93,75.76,50.88,100
1.54,13,1.03,39.74,0.33,45.74,0,98.93,75.76,100,100
1.55,11.94,0.76,28.82,0.23,58.15,0,98.89,75.64,28.72,100
1.56,3.72,0.73,24.88,0.25,70.26,0.73,98.9,75.64,0.56,0
1.57,14.62,0.51,28.71,0.2,55.89,1.89,98.98,75.52,0.32,0
1.58,24.53,0.18,0,0,75.22,1.43,98.96,75.52,0.16,0
1.59,12.95,1,30.39,0.33,55.2,0.01,98.9,75.43,80.16,99.52
1.6,15.68,0.9,41.05,0.28,41.92,0,98.99,75.38,8.64,100
1.61,10.03,0.87,35.4,0.36,53.23,0,98.87,75.2,0.08,0
1.62,9.51,0.7,42.3,0.34,47.13,0,98.95,75.29,0.08,0
1.63,12.59,0.64,18.71,0.2,67.79,0.09,98.85,75.23,0.16,0
1.64,32.59,0.61,8.96,0.1,57.67,0.05,98.91,75.23,14.08,99.74
1.65,7.46,0.97,42.53,0.36,48.5,0,98.95,75.18,62.67,100
1.66,16.58,0.97,36.2,0.31,45.86,0,98.93,75.12,0.16,0
1.67,13.6,0.64,37.36,0.36,47.89,0,98.84,75.12,0.16,0
1.68,24.47,0.89,28.5,0.28,45.73,0.12,98.92,75.06,0.24,0
1.69,23.71,0.92,30.38,0.25,44.61,0.01,98.81,75.12,74.16,100
1.7,13.26,0.57,40.44,0.31,45.35,0,98.77,75.07,78.32,99.43
1.71,10.57,0.95,37.73,0.31,50.32,0,98.87,75.01,0.16,0
1.72,11.45,0.67,38.27,0.31,49.26,0,98.87,75.01,0,0
1.73,40.81,0.86,17.16,0.23,40.68,0.18,98.93,74.96,24.16,100
1.74,10.19,0.57,36.21,0.33,52.65,0,98.84,74.82,25.76,100
1.75,10.71,0.58,8.2,0.18,80.21,0,99.04,74.82,10.96,100
1.76,15.08,1.12,24.28,0.31,59.06,0,98.89,74.88,5.92,100
1.77,17.47,0.87,22.38,0.2,58.95,0,98.91,74.77,0.88,0
1.78,35.49,0.81,18.86,0.2,44.54,0.11,98.88,74.77,16.56,100
1.79,11.48,1.07,23.79,0.28,63.1,0,99,74.72,5.6,100
1.8,10.82,0.68,6.28,0.1,82.07,0,98.95,74.72,14.56,100
1.81,13.05,0.9,27.53,0.33,58.07,0,98.84,74.72,26.88,99.8
1.82,11.97,0.62,40.7,0.38,46.18,0,98.87,74.72,0.24,0
1.83,7.34,0.23,2.4,0.05,89.96,0.18,98.8,74.62,0.24,0
1.84,14.16,0.08,0.03,0,85.74,0,98.79,74.62,0.32,0
1.85,7.56,0.15,0.08,0.03,92.19,0,98.92,74.62,0.08,0
1.86,5.37,0.89,23.56,0.25,69.75,0,98.97,74.62,9.68,99.12
1.87,7.95,0.69,26.06,0.23,64.98,0,98.87,74.62,4.56,100
1.88,11.91,0.71,5.18,0.13,82.04,0,98.97,74.62,13.44,99.98
1.89,13.11,0.94,23.91,0.2,61.75,0,98.9,74.56,48.4,100
1.9,12.99,0.67,37.42,0.33,48.51,0,98.96,74.55,0.08,0
1.91,25.11,0.3,5.34,0.1,69.07,0.11,98.98,74.55,0.16,0
1.92,9.95,0.63,6.22,0.08,83.07,0,98.94,74.55,21.44,100
1.93,9.82,0.74,35.75,0.31,53.27,0,98.86,74.55,12.72,100
1.94,12.84,0.79,7.98,0.13,78.14,0,98.92,74.55,5.04,100
1.95,13.68,0.71,18.48,0.33,66.68,0,98.94,74.55,10.8,0
1.96,11.39,0.8,34.09,0.33,53.35,0,99,74.55,2.64,0
1.97,7.09,0.13,0.75,0.03,91.96,0.14,98.92,74.55,0,0
1.98,18.29,0.13,0,0,81.58,0,98.93,74.55,0.4,0
1.99,4.87,0.28,0.75,0.05,94.05,0,99.04,74.55,0.16,0
2,8.07,0.97,38.8,0.33,51.6,0,98.89,74.55,8.64,0
2.01,18.72,1.23,32.72,0.31,46.87,0,98.84,74.5,38.08,100
2.02,10.79,0.87,36.49,0.31,51.41,0,98.86,74.48,0.08,0
2.03,12.48,0.64,38.97,0.33,47.5,0,98.97,74.42,0.72,0
2.04,37.45,0.73,9.65,0.13,51.94,0.12,98.98,74.48,8.88,96.66
2.05,6.5,0.74,35.54,0.36,56.66,0,98.99,74.42,3.2,100
2.06,11.59,0.63,8.26,0.15,79.19,0,98.95,74.5,0,100
2.07,9.39,0.67,36.03,0.31,53.5,0,98.88,74.5,8.08,100
2.08,11.45,0.77,39.67,0.36,47.57,0,98.92,74.5,0,0
2.09,11.55,0.36,14.36,0.15,73.51,0.11,98.89,74.4,0,0
2.1,19.59,0.1,0.03,0.03,80.24,0,98.86,74.45,0,0
2.11,9.48,1.04,9.96,0.15,79.25,0,98.98,74.37,5.84,100
2.12,9.03,0.53,16.23,0.18,73.95,0,98.88,74.37,0.16,0
2.13,18.11,1.13,27.16,0.2,53.3,0,98.86,74.37,5.04,100
2.14,8.82,0.56,37.68,0.31,52.55,0,98.85,74.37,0.88,0
2.15,20.54,0.49,26.95,0.2,51.75,0.11,98.91,74.44,0,0
2.16,27.13,1.8,22.82,0.2,47.84,0,98.97,74.51,5.28,100
2.17,16.08,0.79,13.77,0.18,69.05,0,99.02,74.57,9.44,100
2.18,11.18,0.92,14.46,0.18,73.19,0,98.96,74.65,11.28,100
2.19,11.69,0.54,32.8,0.28,54.63,0,98.92,74.65,7.04,99.5
2.2,14.71,0.59,16.23,0.2,68.19,0.12,98.81,74.59,0.32,0
2.21,2.58,0.1,0.03,0,97.27,0.03,98.77,74.59,0.08,0
2.22,18.3,0.05,0.03,0.03,81.6,0,98.74,74.59,0.32,0
2.23,3.04,0.08,0.28,0,96.59,0,99,74.59,1.28,100
2.24,10.11,1.03,35.92,0.28,52.51,0,98.91,74.59,30.64,99.14
2.25,17.67,0.97,30,0.26,50.93,0,98.89,74.66,2.08,100
2.26,9.12,0.62,41.02,0.33,48.7,6.36,98.88,74.6,0.08,0
2.27,12.24,0.59,28.32,0.15,58.64,6.49,98.87,74.6,0,0
2.28,24.38,0.53,24.69,0.2,50.09,0.01,98.85,74.6,1.52,100
2.29,6.33,0.4,16.98,0.15,76.03,0,98.99,74.6,6.72,100
2.3,11.72,0.64,23.47,0.2,63.95,0,98.96,74.49,8.32,99.92
2.31,12.19,0.69,16.84,0.23,69.98,0,98.9,74.58,3.2,100
2.32,13.39,0.71,24.57,0.23,60.97,0,98.9,74.58,0.72,0
2.33,1.3,0.25,0.03,0,98.39,0.15,98.85,74.58,0.24,0
2.34,0.3,0.05,0,0.03,99.62,0.01,98.81,74.58,0.08,0
2.35,11.42,0.08,0,0,88.48,0.02,98.78,74.58,0,0
2.36,10.29,0.1,0.03,0,89.58,0,98.75,74.58,0.4,0
2.37,7.96,0.89,22.21,0.18,68.71,0.01,98.96,74.64,19.36,100
2.38,12.63,0.79,38.87,0.28,47.35,0,98.92,74.58,0.24,0
2.39,6.99,0.67,44.02,0.33,47.83,0.42,98.82,74.53,0,0
2.4,9.56,0.69,37.59,0.26,51.78,6.99,98.87,74.6,0.64,0
2.41,18.51,0.38,22.01,0.13,58.9,7.67,98.93,74.6,0.08,0
2.42,11.08,0.38,8.16,0.1,80.25,0,98.9,74.6,4.8,100
2.43,5.06,0.87,34.38,0.26,59.23,0,99.01,74.55,20.56,98.4
2.44,11.66,0.63,7.91,0.08,79.7,0,98.9,74.5,2.8,0
2.45,9.75,0.64,35.37,0.33,53.85,0,98.9,74.5,18.56,99.21
2.46,16.79,0.97,20.32,0.23,61.59,0,98.88,74.5,11.04,100
2.47,2.69,0.2,0.25,0.05,96.79,0.12,98.88,74.56,0,0
2.48,14.4,0.1,0,0,85.5,0,98.84,74.56,0.32,0
2.49,12.68,0.61,21.16,0.15,65.38,0.01,98.89,74.47,19.28,96.25
2.5,10.15,0.71,44.39,0.25,44.39,0,98.9,74.47,28.48,100
2.51,12.32,0.92,34.2,0.31,52.09,0,98.97,74.47,0,0
2.52,15.04,1.33,41.19,0.33,41.85,0,98.9,74.17,0.72,0
2.53,27.6,0.56,22.76,0.18,48.8,0.12,98.89,74.18,0.08,0
2.54,10.52,0.63,8.5,0.08,80.22,0,98.97,74.18,4,100
2.55,7.1,0.74,33.79,0.28,57.97,0,99.04,74.13,0.88,0
2.56,11.81,0.55,7.39,0.1,80.1,0,98.98,74.07,0.64,0
2.57,7.11,1.05,30.49,0.31,60.91,0,98.91,74,4.08,100
2.58,15.46,0.74,37.41,0.26,46.03,0,98.8,74.13,0,0
2.59,15.02,0.66,28.53,0.23,55.46,0.1,98.91,73.85,0.32,0
2.6,14.26,0.08,0,0,85.67,0,98.91,73.85,0,0
2.61,14.34,0.74,23.76,0.15,60.9,0.01,98.81,74.03,11.44,100
2.62,13.87,0.74,35.82,0.28,49.21,0,98.86,73.9,1.52,0
2.63,7.66,0.59,40.65,0.34,50.63,0.29,98.9,73.9,0.16,0
2.64,8.3,0.56,40.01,0.23,50.82,5.76,98.8,73.66,0.08,0
2.65,22.17,0.36,22.81,0.15,54.41,4.23,98.81,73.63,0.16,0
2.66,6.62,0.43,11.41,0.1,81.39,0,98.98,73.4,8,98.61
2.67,5.68,0.82,32.04,0.26,61.11,0,98.99,73.35,4.08,100
2.68,12.22,0.53,5.95,0.1,81.13,0,98.82,73.59,1.44,0
2.69,10.43,0.87,31.59,0.28,56.65,0,98.91,73.59,4.88,100
2.7,14.3,0.86,16.48,0.2,68.07,2.2,98.92,73.8,0.08,0
2.71,0.78,0.1,0.03,0,99.1,0.12,98.91,73.8,0.08,0
2.72,13.89,0.08,0,0.03,86.01,0.02,98.91,73.8,0,0
2.73,19.19,0.48,20.99,0.15,59.08,0.01,98.95,73.97,4.08,98.58
2.74,5.73,0.54,37.56,0.23,55.84,0,98.83,73.82,31.04,98.82
2.75,14.19,0.79,39.75,0.33,44.8,0,98.98,73.84,0,0
2.76,14.24,0.64,34.05,0.26,50.73,0,98.88,73.66,0.16,0
2.77,15.45,0.2,0,0.03,84.27,0.12,98.84,73.66,0.56,0
2.78,7.37,0.13,0.03,0.03,92.43,0,98.8,73.71,0.16,0
2.79,2.61,0.2,0.65,0.03,96.51,0,98.94,73.76,0.48,0
2.8,7.55,1.02,41.66,0.31,49.31,0,99.02,73.65,3.6,100
2.81,9.43,0.38,5.32,0.08,84.77,0,98.88,73.78,3.04,0
2.82,11.94,1.08,31.89,0.31,54.64,0,98.97,73.72,1.52,0
2.83,6.06,0.4,4.22,0.13,89.14,0,99.03,73.67,0.96,0
2.84,13.45,0.79,22.61,0.23,62.82,0,98.88,73.67,1.52,100
2.85,26.23,0.4,2.06,0.05,71.16,0.16,98.9,73.62,4.88,100
2.86,7.22,0.64,35.47,0.23,56.34,0,98.83,73.45,2.48,0
2.87,11.09,0.73,12.6,0.15,75.35,0,98.97,73.39,1.12,0
2.88,18.28,1.86,20.24,0.2,59.28,0,99.01,73.64,8.48,99.28
2.89,10.65,0.72,37.53,0.28,50.69,0,98.75,73.65,0,0
2.9,8.46,0.35,7.05,0.1,84.01,0.11,98.9,73.67,0.24,0
2.91,15.37,0.13,0.03,0.03,84.43,0,98.89,73.76,0.08,0
2.92,10.78,0.38,8.64,0.08,80.05,0,98.94,73.84,3.44,100
2.93,7.63,0.79,29.46,0.31,61.68,0,98.93,73.99,3.92,100
2.94,10.34,0.38,1.61,0.03,87.62,0,98.94,74.03,0.32,0
2.95,9.12,0.77,33.29,0.31,56.41,0,98.99,74.16,6,100
2.96,12.73,0.79,38.95,0.28,47.15,0,98.95,74,0,0
2.97,34.95,0.46,8.4,0.13,55.97,0.12,98.92,74.04,0,0
2.98,9.92,0.92,34.79,0.25,54.01,0.01,98.93,73.98,11.84,100
2.99,6.71,0.81,18.92,0.13,73.33,0,98.91,74.12,3.44,100
3,16.02,1.27,27.28,0.23,55.1,0,98.73,74.2,0,0
3.01,9.99,0.61,37.38,0.2,51.74,4.08,98.89,74.22,0.16,0
3.02,3.95,0.43,6.66,0.08,88.86,4.81,98.91,74.22,0.32,0
3.03,16.78,0.03,0,0,83.2,0,98.89,74.22,0.08,0
3.04,8.78,0.45,7.09,0.08,83.57,0,98.94,74.22,6.72,98.21
3.05,6.7,0.79,33.72,0.31,58.41,0,98.81,74.1,6.48,100
3.06,14.1,0.79,5.45,0.13,79.43,0,98.88,74.44,3.12,100
3.07,10.27,1.56,31.04,0.26,56.82,0,98.7,74.43,5.52,100
3.08,16.49,0.97,31.45,0.23,50.75,0,98.9,74.41,3.2,100
3.09,26.39,0.43,1.41,0.08,71.68,0.1,98.85,74.41,4.16,99.05
3.1,6.73,0.86,40.8,0.2,51.27,0,98.93,74.34,1.04,0
3.11,10.45,0.74,18.48,0.2,70.11,0,99,74.37,0.88,0
3.12,19.57,1.32,5.4,0.1,73.38,0,98.96,74.58,1.6,100
3.13,15.02,0.92,30.67,0.25,53.02,0,99.02,74.58,0,0
3.14,5.51,0.13,1.44,0.05,92.85,0.11,98.84,74.58,0,0
3.15,15.8,0.08,0,0,84.13,0,98.82,74.58,0,0
3.16,9.64,0.68,7,0.1,82.49,0,98.88,74.58,4.64,100
3.17,12.84,1.65,27.23,0.2,57.92,0,98.84,74.53,7.76,99.67
3.18,10.89,0.71,14.14,0.18,73.92,0,98.8,74.39,9.04,100
3.19,10.66,0.72,36.65,0.31,51.54,0,99,74.41,2.64,100
3.2,16.51,0.66,16.71,0.25,65.79,0,98.87,74.39,0.32,0
3.21,20.67,0.35,0.03,0,78.91,0.16,98.76,74.39,0.16,0
3.22,2.83,0.13,0.03,0.03,96.99,0,98.73,74.39,0.08,0
3.23,5.24,0.86,29.69,0.2,63.92,0,98.87,74.39,6.96,100
3.24,7.6,0.81,18.84,0.15,72.53,0,98.77,74.48,1.84,0
3.25,12.75,0.71,3.81,0.05,82.63,0,98.91,74.48,1.36,100
3.26,12.48,0.97,40.4,0.36,45.66,0,98.9,74.49,2.08,0
3.27,13.13,0.76,29.19,0.2,56.63,0,98.87,74.44,0.56,0
3.28,1.56,0.08,0.03,0.03,98.27,0.1,98.84,74.44,0,0
3.29,15.09,0.08,0,0,84.83,0,98.8,74.44,0,100
3.3,14.96,0.96,7.43,0.1,76.45,0,98.9,74.33,5.28,100
3.31,9.56,0.77,15.25,0.23,74.09,0,98.95,74.47,2.48,0
3.32,14.78,0.94,17.39,0.18,66.56,0,98.9,74.47,12.4,100
3.33,11.17,1,35.69,0.31,51.65,0,98.86,74.42,5.12,100
3.34,14.27,0.71,32.16,0.26,52.48,0,98.81,74.52,0,0
3.35,31.21,0.66,19.78,0.13,48.15,0.11,98.91,74.38,7.44,100
3.36,7.95,0.79,28.27,0.25,62.63,0,98.89,74.43,9.28,100
3.37,11.28,0.96,4.78,0.1,82.78,0,98.9,74.51,3.36,100
3.38,18.33,1.19,12.21,0.15,67.99,0,98.9,74.57,3.76,100
3.39,9.34,0.67,34.54,0.31,55.04,0,98.96,74.57,0.48,0
3.4,8.35,0.25,8.53,0.1,82.69,0.11,98.82,74.57,0.08,0
3.41,17.65,0.18,0.03,0,82.15,0.02,98.8,74.57,0.08,0
3.42,9.09,0.43,11.76,0.08,78.62,0,98.85,74.57,7.12,100
3.43,7.86,0.87,29.58,0.28,61.31,0,98.91,74.57,5.92,100
3.44,14.41,0.76,3.65,0.1,81.01,0,98.91,74.57,9.84,98.35
3.45,9.93,0.92,36.59,0.25,52.15,0,98.88,74.52,9.12,99.74
3.46,11.47,0.62,39.33,0.33,48.12,0,98.83,74.44,0.72,0
3.47,17.34,0.28,14.09,0.13,68.09,0.11,98.95,74.44,0.4,0
3.48,26.33,0.71,22.47,0.2,50.15,0.01,98.96,74.5,13.25,100
3.49,5.67,0.58,26.88,0.23,66.51,0,98.96,74.34,3.52,100
3.5,15.65,0.56,9.09,0.1,74.5,0,98.91,74.41,4.48,100
3.51,6.55,0.61,42.78,0.26,49.62,0.54,98.98,74.52,0,0
3.52,9.07,0.49,34.91,0.21,55.3,3.19,98.83,74.52,0,0
3.53,18.28,0.18,3.31,0.08,78.05,0.76,98.92,74.52,0,0
3.54,6.96,0.45,7.44,0.05,85.04,0,98.95,74.52,6.88,100
3.55,4.99,0.74,33.05,0.25,60.79,0,98.93,74.52,2.96,100
3.56,18.24,0.63,2.76,0.08,78.22,0,98.86,74.58,2.8,100
3.57,7.89,0.87,28.85,0.2,62.09,0,98.91,74.58,6.8,100
3.58,13.83,0.71,26.21,0.23,58.91,0,98.82,74.52,0.48,0
3.59,30.79,0.6,13.08,0.1,55.35,0.14,98.92,74.52,1.2,0
3.6,6.43,0.69,34.95,0.26,57.55,0,98.92,74.51,17.52,100
3.61,5.85,0.28,0.08,0,93.75,0,98.92,74.51,0.72,0
3.62,7.41,0.43,7.66,0.13,84.27,0,98.73,74.51,6.32,100
3.63,8.95,1.19,16.29,0.15,73.34,0,98.97,74.51,7.6,100
3.64,10.93,0.71,1.39,0.08,86.83,0,98.95,74.45,0.08,0
3.65,3.48,0.35,0,0.03,96.14,0.19,98.66,74.45,0.08,0
3.66,9.9,0.1,0.03,0,89.95,0.02,98.64,74.45,0.32,0
3.67,11.66,0.03,0,0,88.32,0,98.62,74.45,0.08,0
3.68,6.28,0.78,6.63,0.08,86.16,0,98.88,74.45,6.88,95
3.69,11.28,0.87,40.52,0.23,47.03,0,98.97,74.58,7.92,100
3.7,8.07,0.67,41.47,0.31,49.36,0,98.93,74.58,0,0
3.71,12.89,0.56,36.19,0.31,49.82,0,98.95,74.46,0,0
3.72,25.07,0.71,26.24,0.26,47.61,0.11,98.93,74.41,0,0
3.73,20.97,0.77,25.03,0.23,52.92,0,98.9,74.41,5.68,100
3.74,12.45,0.74,35.9,0.28,50.55,0,98.89,74.42,5.6,100
3.75,10.35,0.94,5.05,0.15,83.44,0,99.06,74.42,4.48,100
3.76,18.29,1.09,9.18,0.13,71.19,0,98.89,74.45,5.44,100
3.77,4.12,0.13,1.71,0.08,93.97,0.06,98.96,74.45,0.16,0
3.78,9.25,0.05,0,0,90.68,0.08,98.95,74.45,0,0
3.79,10.17,0.1,0.03,0,89.68,0,98.95,74.45,0.4,0
3.8,10.9,0.53,7.52,0.05,80.98,0,99.01,74.44,3.36,100
3.81,9.12,0.71,38.55,0.2,51.32,0.01,98.94,74.38,11.2,100
3.82,10.22,0.77,41.88,0.31,46.77,0,98.94,74.44,0,0
3.83,15.57,1.05,34.75,0.28,48.12,0,98.88,74.4,0.4,0
3.84,10.09,0.86,26.13,0.25,62.58,0,99.03,74.22,0,0
3.85,31.31,0.45,3.34,0.05,64.7,0.14,98.94,74.17,2.48,100
3.86,5.43,0.69,41.15,0.28,52.37,0,98.91,74.17,5.52,99.39
3.87,13.42,0.86,11.96,0.1,73.59,0,99,74.42,5.52,98.75
3.88,12.11,1.02,39.97,0.31,46.35,0,98.8,74.42,8.48,100
3.89,12.23,0.64,34.01,0.28,52.73,0,98.94,74.37,0.32,100
3.9,5.92,0.25,2.51,0.08,91.19,0.1,98.88,74.37,0,0
3.91,16.01,0.13,0,0.03,83.81,0.02,98.88,74.37,0,0
3.92,4.81,0.08,0,0,95.12,0,98.88,74.37,0.24,0
3.93,9.07,0.79,25.57,0.18,64.32,0.01,98.97,74.5,16,99.55
3.94,11.93,0.98,35.72,0.23,51.06,0,98.94,74.5,0,0
3.95,9.37,0.54,38.77,0.31,50.91,0,98.97,74.44,0.32,0
3.96,10.94,0.69,34.81,0.23,53.23,0,98.89,74.33,0,0
3.97,31.6,0.46,16.99,0.15,50.75,0.12,98.9,74.4,0,0
3.98,19.92,1.38,29.1,0.23,49.12,0,98.96,74.3,11.2,98.13
3.99,12.3,0.84,7.13,0.18,79.46,0,98.89,74.41,0.56,0
4,16.4,1.59,7.81,0.1,73.95,0,98.95,74.39,11.6,100
4.01,9.15,0.67,34.46,0.31,55.27,0,98.82,74.44,0.32,0
4.02,6.71,0.1,5.08,0.08,88.02,0,98.92,74.44,0,0
4.03,13.3,0.23,0,0.03,86.4,0.12,98.88,74.44,0.16,0
4.04,5.36,0.08,0,0.03,94.51,0,98.88,74.44,0.56,0
4.05,9.61,0.94,25.03,0.13,64.17,0.01,98.96,74.44,13.92,99.38
4.06,11.22,0.66,19.38,0.18,68.43,0,98.91,74.44,10.8,99.61
4.07,13.62,0.97,30.33,0.23,54.75,0,98.86,74.44,0.56,0
4.08,9.43,0.64,40.25,0.31,49.24,0,98.86,74.44,0.08,0
4.09,15.03,0.61,25.92,0.23,58.11,0.11,98.92,74.44,0,0
4.1,15.89,0.08,0,0,84.04,0.01,98.95,74.44,0,0
4.11,9.85,0.18,0.48,0,89.5,0,98.9,74.44,1.44,0
4.12,9.52,0.85,42.44,0.26,46.75,0,98.93,74.37,1.92,88.4
4.13,13.55,0.91,5.01,0.1,80.3,0,99.05,74.44,8.32,99.74
4.14,12.34,1.07,14.96,0.23,71.32,0,98.84,74.44,2.64,0
4.15,10.55,0.51,19.33,0.23,69.33,0,98.86,74.33,1.76,98.64
4.16,2.43,0.13,0,0.03,97.39,0.09,98.85,74.33,0.16,0
4.17,35.96,0.96,16.02,0.13,46.69,0.02,98.86,74.24,21.2,99.41
4.18,10.8,0.74,36.31,0.26,51.76,0,98.94,74.37,19.76,100
4.19,10.47,0.82,33.48,0.28,54.85,0,98.9,74.34,0.16,0
4.2,11.88,0.77,35.17,0.31,51.7,0,99.04,74.22,0.24,0
4.21,6.04,0.28,3.04,0.03,90.61,0,98.85,74.27,0.48,0
4.22,15.7,0.13,0,0,84.12,0.11,98.82,74.27,0.96,0
4.23,11.96,0.35,12.7,0.13,74.81,0,98.92,74.22,6.72,100
4.24,8.41,0.71,30.44,0.23,60.16,0,98.79,74.21,6.72,100
4.25,13.73,0.84,12.84,0.23,72.34,0,98.82,74.27,2.16,100
4.26,16.72,1.03,2.77,0.08,79.23,0,98.9,74.32,7.43,95.48
4.27,13.19,0.86,11.19,0.15,74.53,0,98.87,74.33,3.76,100
4.28,1.58,0.08,0.03,0,98.3,0.11,98.88,74.33,0.08,0
4.29,27.2,0.5,12.73,0.1,59.46,0.03,99.02,74.38,11.36,100
4.3,9.17,0.95,37.23,0.2,52.38,0,98.94,74.38,13.36,99.98
4.31,16.04,0.72,27.29,0.23,55.6,0,98.88,74.38,0.08,0
4.32,7.54,0.67,39.18,0.31,52.14,0,98.97,74.43,0,0
4.33,11.42,0.51,13.55,0.15,74.32,0,98.88,74.28,0,0
4.34,12.47,0.1,0,0,87.43,0.11,98.85,74.28,0.16,0
4.35,11.72,0.2,0.63,0.03,87.43,0,98.9,74.23,0.88,0
4.36,14.75,1.67,31.17,0.28,51.91,0,99.02,74.3,7.44,97.44
4.37,10.68,0.23,2.14,0.08,86.82,0,98.9,74.36,9.52,100
4.38,9,0.74,24.96,0.2,64.95,0,98.87,74.36,8.08,100
4.39,12.55,0.8,34.8,0.31,51.39,0,98.91,74.36,0,0
4.4,9.6,0.56,18.19,0.15,71.42,0,98.86,74.36,0.24,0
4.41,32.33,0.76,11.06,0.1,55.61,0.14,98.94,74.36,10.72,100
4.42,6.15,0.69,40.28,0.23,52.52,0,98.89,74.36,7.68,98.95
4.43,13.72,0.6,2.79,0.05,82.78,0,98.84,74.36,0.48,0
4.44,7.73,0.89,11.55,0.18,79.58,0,98.94,74.36,0.08,0
4.45,13.24,0.68,8.28,0.15,77.51,0,98.88,74.36,0,0
4.46,14.94,0.78,3.87,0.1,80.29,0,98.98,74.41,0,0
4.47,0.93,0.1,0.03,0,98.95,0,98.95,74.41,0.32,0
4.48,0.7,0.1,0,0,99.17,0.11,98.91,74.41,0,0
4.49,18.07,0.08,0,0.03,81.78,0.02,98.88,74.41,0.32,0
4.5,8.66,0.45,7.82,0.05,82.96,0,98.91,74.33,6.4,100
4.51,5.96,0.69,38.08,0.28,54.94,0,98.96,74.39,21.44,100
4.52,10.35,0.58,4.1,0.05,84.87,0,98.9,74.34,7.92,99.46
4.53,16.96,1.17,30.85,0.2,50.66,0,98.96,74.34,1.84,100
4.54,11.02,0.82,35.88,0.26,51.95,0,98.9,74.34,0,0
4.55,37.59,2.26,20.6,0.15,39.07,0.12,98.92,73.54,11.12,0
4.56,8,0.92,37.7,0.26,52.89,0,98.89,73.54,9.44,0
4.57,5.53,0.8,43.24,0.33,49.97,0,98.9,73.54,0,0
4.58,6.64,0.95,42.19,0.33,49.68,0,99.04,73.54,0,0
4.59,5.36,0.67,39.59,0.31,53.85,0,98.94,73.54,0,0
4.6,5.54,0.89,37.09,0.31,55.96,0.02,98.9,73.54,1.44,0
4.61,4.03,0.64,38.39,0.26,56.61,0.01,98.92,73.54,0,0
4.62,4.26,0.66,37.54,0.23,57.18,0,98.94,73.54,0,0
4.63,4.04,0.61,37.98,0.23,57.01,0,98.87,73.54,0,0
4.64,5.42,1.02,41.83,0.28,51.37,0,98.92,73.45,0,0
4.65,4.34,0.51,41.32,0.33,53.39,0,98.92,73.29,0.08,0
4.66,4.22,0.82,38.76,0.31,55.79,0,98.88,73.07,0.24,0
4.67,4.56,0.61,38.17,0.31,56.25,0,98.92,72.89,0,0
4.68,4.11,0.64,37.24,0.26,57.7,0,98.79,72.62,0.08,0
4.69,3.84,0.9,37.39,0.31,57.39,0,98.92,72.21,0,0
4.7,4.94,1.94,24.52,0.28,68.14,0,35.46,5.93,8.48,0
4.71,52.65,0.64,3.2,0.04,43.44,0.18,73.72,7.78,11.38,99.76
4.72,0.1,0.05,1.93,0.03,97.9,0,73.56,7.64,42.64,0
4.73,0.43,0.25,12.33,0.13,86.84,0,73.59,7.65,100,0
4.74,0.33,0.2,11.26,0.13,88.06,3.26,73.99,7.65,22.4,0
4.75,3.92,1.31,0.08,0.05,94.44,0,75.77,12.32,0.56,0
4.76,34.26,1.76,0.03,0.05,63.9,0,82.42,25.51,0,0
4.77,40.73,1.46,0,0.05,57.73,0,88.33,35.53,0.08,0
4.78,21.65,2.47,0,0.52,75.01,7.73,92.68,36.97,0,0
4.79,42.08,5.96,9.51,0.48,41.36,2.46,98.85,44.79,84.64,99.99
4.8,37.98,5.62,23.61,0.18,32.52,0,98.82,51.59,100,99.98
4.81,12.13,2.75,37.91,0.25,46.73,0,98.83,53.65,100,100.03
4.82,14.37,3.43,42.46,0.23,39.47,0,98.95,57.92,100,100
4.83,11.82,3.8,36.12,0.26,47.8,0,98.91,62.05,100,100
4.84,6.96,3.1,38.69,0.31,50.79,0,98.92,62.05,100,100
4.85,6.46,2.85,37.31,0.31,53,0,98.96,63.24,100,100
4.86,5.73,4.15,39.07,0.2,50.78,0,98.85,65.48,100,98.97
4.87,5.53,5.17,38.45,0.23,50.57,0,98.94,68.23,100,97.65
4.88,9.11,4.74,38.97,0.28,46.75,0,98.76,70.86,100,98.85
4.89,9.13,4.08,41.4,0.33,44.91,0,98.92,74.65,100,99.77
4.9,5.77,1.68,40.96,0.33,51.07,0,98.8,74.54,100,98.65
4.91,4.31,1.26,36.89,0.33,57.06,0,98.72,74.54,100,100
4.92,6.31,1.51,40.39,0.28,51.43,0,98.92,74.46,100,100
4.93,4.36,0.77,39.55,0.36,54.81,0,98.9,74.41,100,100
4.94,5.11,1.16,38.68,0.36,54.48,0,98.99,74.3,100,100
4.95,4.83,1.26,38.69,0.33,54.79,0,98.97,74.1,100,100
4.96,4.15,0.87,40.7,0.38,53.74,0,98.8,74.1,100,100
4.97,3.93,0.9,41.21,0.36,53.43,0,98.92,74.03,63.12,100
4.98,4.83,0.66,40.87,0.33,53.17,0,98.88,73.83,0.24,0
4.99,21.73,0.99,31.55,0.31,45.32,0.01,98.93,73.61,76.08,100
5,6.46,0.72,42.34,0.31,50.08,0,98.86,73.29,100,100
5.01,5.52,0.9,41.05,0.36,52.05,0,98.91,72.93,100,100
5.02,4.54,0.82,41.49,0.36,52.63,0,98.93,72.52,100.08,100
5.03,5.11,0.92,39.2,0.33,54.28,0,98.94,72.12,99.92,100
5.04,4.55,0.69,37.69,0.33,56.55,0,98.95,71.54,100,100
5.05,5.09,0.64,37.64,0.36,56.18,0,98.9,70.85,100.08,100
5.06,4.85,0.87,38.01,0.31,55.86,0,98.9,70.65,100,100
5.07,5.01,0.82,35.64,0.36,57.97,0,98.91,70.14,100,100
5.08,4.75,0.82,37.52,0.33,56.37,0,99.04,69.66,100,100
5.09,4.77,0.79,41.82,0.36,52.15,0,99.04,69.23,100,100
5.1,4.77,0.62,39.35,0.36,54.8,0,98.83,69.11,100,100
5.11,21.38,3.24,27.13,0.28,47.71,0.38,98.98,72.45,69.92,100
5.12,7.84,4.47,37.42,0.28,49.88,0,98.95,72.99,100,100
5.13,12.92,7.33,34.72,0.26,44.68,0,98.57,74.69,100,100
5.14,12.39,6.86,36.79,0.31,43.5,0,98.83,75.49,100,100
5.15,7.45,0.82,41.46,0.31,49.91,0,98.86,75.63,100,100
5.16,11.36,2.46,37.85,0.33,47.85,0,99,76.4,39.2,100
5.17,7.89,0.92,41.38,0.31,49.37,0,98.9,76.67,100,100
5.18,10.11,2.18,40.92,0.31,46.37,0,97.59,76.54,100,100
5.19,7.2,1.68,37.87,0.34,52.79,0,98.93,76.96,100,100
5.2,9.75,0.79,37.92,0.36,51.02,0,98.87,76.94,100,100
5.21,7.78,0.64,46.55,0.31,44.62,0,98.95,76.83,100,100
5.22,7.89,0.69,39.52,0.33,51.43,0,98.93,76.83,100,100
5.23,10.49,1.53,36.84,0.31,50.73,0,99.05,76.96,100,100
5.24,8.72,0.97,39.12,0.36,50.69,0,98.84,76.9,100,100
5.25,9.02,0.82,41.21,0.31,48.49,0,98.91,76.75,100,100
5.26,8.49,0.84,41.87,0.3,48.32,0,98.9,76.7,100,100
5.27,7.75,0.57,37,0.31,54.3,0,98.98,76.65,100,100
5.28,13.55,1,31.74,0.31,53.2,0.01,98.75,76.65,60,100
5.29,65.72,2.25,10.15,0.1,21.32,0,98.84,76.32,16.08,100
5.3,8.98,1.33,40.66,0.2,48.67,0,98.8,76.25,100,100
5.31,10.85,0.74,42.65,0.23,45.4,0,99.01,76.2,100,100
5.32,11.59,0.61,39.85,0.26,47.56,0,98.96,76.04,100,100
5.33,14.79,0.74,36.69,0.28,47.37,0,98.8,76.04,100,100
5.34,12.63,0.74,39.38,0.23,46.89,0,98.95,75.91,100,100
5.35,12.83,0.74,39,0.23,47.07,0,98.81,75.91,99.8,100
5.36,10.94,0.69,37.01,0.23,51.1,0,98.91,75.81,100,100
5.37,12.3,0.66,34.51,0.28,52.15,0,98.92,75.69,100,100
5.38,10.95,0.79,36.61,0.28,51.27,0,98.86,75.69,100,100
5.39,11.04,0.97,37.36,0.33,50.17,0,98.88,75.63,100,100
5.4,11.23,0.92,41.04,0.31,46.35,0,99.02,75.57,100,100
5.41,14.38,0.87,38.82,0.31,45.44,0,98.98,75.57,100,100
5.42,10.3,0.72,39.19,0.31,49.36,0,99.05,75.57,100,100
5.43,15.55,0.77,37.73,0.31,45.46,0,98.92,75.45,100,100
5.44,31.68,0.71,17.34,0.15,50.01,0.6,98.99,75.28,30.96,100
5.45,7.49,0.66,23.32,0.15,68.34,0,98.91,75.28,55.76,100
5.46,8.63,0.76,39.09,0.2,51.18,0,98.96,75.23,100.08,100
5.47,15.16,0.81,37.9,0.25,45.74,0,98.97,75.18,100,100
5.48,14.16,0.84,38.34,0.26,46.32,0,98.9,75.18,100,100
5.49,11.43,0.82,36.19,0.28,51.17,0,98.89,75.18,100,100
5.5,16.01,1.1,41.96,0.26,40.53,0,98.95,75.18,100,100
5.51,12.4,0.82,39.7,0.28,46.64,0,98.9,75.13,100,100
5.52,11.62,0.84,39.73,0.31,47.37,0,98.98,75.03,100,100
5.53,13.51,0.74,41.36,0.31,43.87,0,99.09,74.98,100,100
5.54,11.5,0.67,40.55,0.33,46.85,0,98.93,74.84,100,100
5.55,13.53,0.8,41.61,0.31,43.69,0,98.93,74.84,100,100
5.56,8.84,0.69,37.22,0.33,52.78,0,98.99,74.75,100,100
5.57,12.41,0.72,39.32,0.31,47.16,0,98.86,74.88,100,100
5.58,14.05,0.82,42.1,0.28,42.59,0,99.03,74.88,100,99.98
5.59,7.12,0.95,42.29,0.36,49.18,0,98.83,74.88,98.16,100.02
5.6,16.61,0.77,35.73,0.28,46.57,0,98.91,74.88,0.24,0
5.61,34.81,0.89,13.53,0.1,50.6,0.57,98.9,74.78,35.68,100
5.62,6.36,0.56,40.98,0.15,51.88,0,98.86,74.78,100,100
5.63,14.71,0.76,34.1,0.18,50.17,0,98.95,74.77,100,100
5.64,11.95,0.77,38.92,0.2,48.14,0,98.93,74.7,100,100
5.65,10.1,0.51,38.71,0.31,50.24,0,98.98,74.7,100,100
5.66,16.45,0.82,38.57,0.28,43.8,0,98.78,74.7,100,100
5.67,10.38,0.87,40.89,0.23,47.58,0,98.84,74.7,100,100
5.68,11.14,0.61,41.16,0.23,46.76,0,98.85,74.7,100,100
5.69,11.23,0.67,38.21,0.26,49.59,0,98.89,74.7,100,100
5.7,16.67,0.97,38.76,0.23,43.22,0,98.96,74.7,100,100
5.71,11.29,0.82,36.3,0.25,51.19,0,98.81,74.7,100,100
5.72,11.01,0.87,35.01,0.26,52.7,0,98.83,74.7,100,100
5.73,10.7,0.64,35.7,0.26,52.6,0,99.02,74.64,100,100
5.74,13.69,1.03,37.09,0.31,47.78,0,98.93,74.64,100,100
5.75,12.88,0.77,36.58,0.31,49.28,0,98.9,74.64,79.6,100
5.76,13.49,0.67,20.47,0.23,65.02,0.53,98.78,74.58,2.64,99.96
5.77,28,0.61,11.99,0.1,59.25,0.04,98.76,74.58,35.76,100
5.78,9.02,0.66,36.4,0.15,53.72,0,98.83,74.58,100,100
5.79,13.33,0.71,37.08,0.2,48.6,0,99.02,74.53,100,100
5.8,10,0.59,37.12,0.26,51.93,0,98.89,74.37,100,100
5.81,13.51,0.84,35.19,0.31,50.03,0,98.92,74.35,100,100
5.82,14.99,0.97,36.18,0.28,47.46,0,99.01,74.38,100,100
5.83,10.45,1.66,37.92,0.28,49.63,0,98.91,74.47,100,100
5.84,10.03,0.74,39.66,0.26,49.21,0,99.06,74.42,100,100
5.85,13.33,1.15,38.13,0.31,46.94,0,98.98,74.42,100,100
5.86,9.24,0.72,40.15,0.31,49.46,0,98.91,74.42,100,100
5.87,13.87,1.02,41.85,0.31,42.85,0,99.01,74.42,100.08,100
5.88,11.05,0.8,38.27,0.31,49.47,0,98.97,74.36,100,100
5.89,10.77,1.68,38.57,0.33,48.44,0,98.88,74.44,100,100
5.9,13.72,0.95,41.61,0.28,43.35,0,98.92,74.49,100,100
5.91,10.48,0.77,41.21,0.31,47.08,0,98.88,74.49,88.96,100
5.92,30.28,0.71,19.59,0.23,49.01,0.61,98.88,74.44,2.56,100
5.93,14.91,0.66,20.7,0.1,63.57,0,98.9,74.44,51.2,100
5.94,9.04,0.66,40.67,0.13,49.5,0,98.83,74.51,100,100
5.95,13.44,0.64,40.1,0.18,45.6,0,98.89,74.46,100,100
5.96,10.34,0.69,37.7,0.25,50.89,0,98.97,74.41,100,100
5.97,11.58,0.77,40,0.2,47.3,0,98.92,74.48,100,100
5.98,17.17,0.75,38.5,0.24,43.24,0,99.16,74.54,100,100
5.99,11.71,0.73,40.89,0.25,46.37,0,98.95,74.42,100,100
6,11.88,0.56,41.86,0.26,45.39,0,98.98,74.43,100,100
6.01,12.54,0.71,40.48,0.28,45.94,0,98.9,74.43,100,100
6.02,10.85,0.64,38.21,0.23,49.96,0,98.93,74.41,100,100
6.03,10.51,0.49,38.83,0.26,49.79,0,98.9,74.33,100,100
6.04,11.93,0.69,40.34,0.26,46.73,0,98.87,74.33,100,100
6.05,8.95,0.69,40.62,0.26,49.39,0,98.89,74.39,100,100
6.06,15.93,0.69,39.98,0.26,43.11,0,99.03,74.39,100,100
6.07,7.69,0.49,40.54,0.23,51,0,98.9,74.34,61.36,100
6.08,36.56,0.58,9.39,0.15,53.22,0.56,98.92,74.34,2.56,0
6.09,7.8,0.81,35.67,0.18,55.41,0,98.87,74.34,95.44,100
6.1,12.64,0.51,39.4,0.15,47.24,0,98.84,74.28,100,100
6.11,9.29,0.79,39.73,0.15,49.91,0,99.03,74.28,100,100
6.12,12.91,0.61,37.11,0.26,49.07,0,98.96,74.28,100,100
6.13,10.16,0.59,37.38,0.23,51.54,0,98.97,74.28,100,100
6.14,15.47,0.87,42.6,0.23,40.81,0,98.75,74.28,100,100
6.15,12.45,0.56,42.93,0.26,43.7,0,99.06,74.43,100,100
6.16,10.83,0.72,38.61,0.31,49.41,0,98.87,74.34,100,100
6.17,12.17,0.74,37.14,0.31,49.54,0,98.78,74.41,100,100
6.18,11.87,0.72,40.43,0.31,46.57,0,98.86,74.3,100,100
6.19,10.08,1.07,34.83,0.33,53.57,0,98.82,74.3,100,100
6.2,11.72,0.9,36.28,0.28,50.72,0,98.92,74.35,100,100
6.21,12.76,0.62,39.22,0.33,46.95,0,99.03,74.44,100,100
6.22,11.7,0.77,41.64,0.31,45.47,0,98.94,74.44,91.12,100
6.23,9.69,0.75,39.32,0.33,49.7,0,98.94,74.44,1.2,0
6.24,45.25,1.16,9.89,0.15,43.3,0.55,99.01,74.44,7.04,100
6.25,8.16,0.84,39.67,0.2,51.07,0,99,74.44,95.76,100
6.26,15.73,0.94,35.92,0.18,47.15,0,98.91,74.51,100,100
6.27,7.77,0.79,39.54,0.28,51.52,0,98.96,74.43,100.08,100
6.28,13.03,0.8,39.34,0.31,46.38,0,98.96,74.3,100,100
6.29,8.97,0.54,38.24,0.28,51.86,0,98.9,74.37,100,100
6.3,14.88,1,41.63,0.26,42.21,0,98.87,74.37,100,100
6.31,8.96,0.64,40.96,0.28,49,0,98.93,74.37,100,100
6.32,11.3,0.77,39.3,0.26,48.3,0,98.94,74.37,100,100
6.33,10.53,0.74,36.18,0.26,52.19,0,99.01,74.37,100,100
6.34,11.96,0.94,40.1,0.26,46.66,0,98.87,74.37,100,100
6.35,13.63,1.05,44.96,0.31,39.9,0,98.94,74.27,99.8,100
6.36,9.24,0.8,41.09,0.33,48.36,0,99.01,74.37,100,100
6.37,12.04,0.75,38.32,0.31,48.48,0,99.1,74.31,100,100
6.38,9.71,0.87,38.88,0.33,50.08,0,98.88,74.41,100,100
6.39,27.13,1.25,20.08,0.2,51.24,0.53,99.04,74.41,2.32,100
6.4,17.47,1.12,28.91,0.13,52.3,0,98.99,74.41,75.84,100
6.41,14.81,0.92,39.25,0.18,44.75,0,98.99,74.47,100,100
6.42,6.06,0.64,37.84,0.26,55.2,0,98.94,74.47,100,100
6.43,15.4,0.79,38.43,0.28,44.91,0,98.81,74.47,100,100
6.44,10.27,0.69,39.17,0.28,49.46,0,98.96,74.47,100,100
6.45,11.9,0.84,41.42,0.25,45.48,0,98.92,74.53,100,100
6.46,11.82,0.79,38.18,0.26,48.77,0,98.84,74.48,100,100
6.47,9.3,0.74,44.95,0.31,44.54,0,98.9,74.42,100,100
6.48,12.27,1.05,42.51,0.33,43.69,0,99.03,74.36,100,99.95
6.49,14.53,0.82,42.82,0.25,41.42,0,98.79,74.31,100,100
6.5,8.28,0.72,35.54,0.31,55.09,0,98.86,74.15,100,99.88
6.51,13.33,0.72,40.06,0.31,45.52,0,98.9,74.08,100,99.88
6.52,8.61,0.82,36.13,0.28,54.09,0,98.88,74.03,100,100
6.53,13.54,0.87,38.94,0.28,46.21,0,98.82,74.03,100,100
6.54,13.45,0.92,41.08,0.31,44.1,0,98.91,74.03,28.48,100
6.55,34.2,0.78,14.8,0.13,49.94,0.6,98.84,74.08,37.36,100
6.56,7.69,0.74,40.59,0.2,50.69,0,98.7,74.02,100,100
6.57,15.09,0.89,40.8,0.2,42.89,0,98.9,73.99,100,100
6.58,10.51,0.71,36.71,0.28,51.68,0,98.93,74.09,100,100
6.59,8.89,0.77,43.91,0.31,45.99,0,98.9,74.09,100,100
6.6,14.8,0.84,38.65,0.26,45.35,0,98.84,74.19,100,100
6.61,10.72,0.74,40.87,0.28,47.31,0,98.95,74.22,100,100
6.62,11.41,0.74,38.71,0.26,48.78,0,98.48,74.19,100,100
6.63,12.81,0.81,37.81,0.25,48.22,0,98.91,74.24,100,100
6.64,8.52,0.72,40.81,0.26,49.62,0,98.9,74.17,100,99.87
6.65,13.22,0.62,37.44,0.28,48.4,0,98.91,74.17,100,99.94
6.66,13.15,0.85,41.52,0.31,44.04,0,98.79,74.24,100,100
6.67,9.55,0.8,43.36,0.33,45.8,0,98.94,74.15,100.08,99.94
6.68,12.19,0.77,39.99,0.31,46.59,0,98.9,74.2,100,100
6.69,11.39,0.69,36.01,0.26,51.57,0,98.92,74.26,71.36,100
6.7,35.05,0.66,19.38,0.18,44.59,0.57,98.9,74.26,1.76,0
6.71,10.75,0.79,35.42,0.18,52.75,0,98.9,74.2,85.68,100
6.72,9.32,0.81,36.1,0.2,53.46,0,98.86,74.25,100,100
6.73,12.51,0.76,41.08,0.25,45.34,0,99.02,74.3,100,100
6.74,15.75,0.69,39.28,0.28,43.87,0,98.77,74.36,100,100
6.75,10.25,0.67,38.59,0.28,50.14,0,98.95,74.43,100.08,100
6.76,13.52,0.74,46.08,0.31,39.22,0,98.9,74.38,99.96,100
6.77,7.86,0.72,39.23,0.26,51.84,0,98.92,74.31,100,99.76
6.78,14.54,0.92,40.83,0.33,43.16,0,98.42,74.39,100,100
6.79,10.23,0.77,40.08,0.33,48.46,0,98.73,74.39,100,100
6.8,11.74,0.74,36.73,0.28,50.42,0,98.97,74.26,100,100
6.81,12.51,0.72,41.29,0.31,45.04,0,98.89,74.26,100,100
6.82,11.97,0.71,42.37,0.25,44.59,0,98.9,74.26,100,100
6.83,12.28,0.84,36.65,0.25,49.87,0,98.75,74.26,100,100
6.84,10.11,0.51,39.59,0.2,49.48,0,98.83,74.25,100,100
6.85,8.56,0.69,36.95,0.26,53.44,0,98.69,74.3,34.96,100
6.86,37.61,0.83,13.91,0.1,47.42,0.58,99.01,74.25,22.88,100
6.87,7.11,0.86,39.15,0.2,52.6,0,98.96,74.25,100,100
6.88,13.61,0.66,38.65,0.2,46.72,0,98.91,74.25,100,100
6.89,8.35,0.64,39.39,0.28,51.29,0,98.99,74.2,100,100
6.9,15.58,1.43,37.72,0.28,44.91,0,98.86,74.33,100,100
6.91,13.25,0.85,39.9,0.28,45.62,0,98.87,74.33,100,100
6.92,14,0.76,46.81,0.28,38.02,0,98.82,74.28,100,100
6.93,9.78,0.84,34.9,0.28,54.05,0,98.9,74.23,100,100
6.94,12.84,0.8,40.46,0.31,45.48,0,98.93,74.11,100,100
6.95,9.1,0.77,38.55,0.33,51.09,0,98.87,73.99,100,100
6.96,13.13,0.77,42.78,0.33,42.91,0,98.98,74.18,100,100
6.97,12.47,0.82,38.22,0.31,48.06,0,98.95,74.24,100,100
6.98,9.5,0.77,38.89,0.31,50.38,0,98.89,74.24,100,100
6.99,13.77,0.82,42.41,0.31,42.59,0,98.93,74.24,100,100
7,10.52,0.74,35.92,0.28,52.46,0,98.98,74.24,98.72,100
7.01,29.5,0.58,16.04,0.2,53.6,0.58,98.89,74.24,1.68,0
7.02,15.59,0.76,28.3,0.15,55.13,0,99.03,74.3,75.76,100
7.03,12.36,0.74,37.8,0.18,48.87,0,98.87,74.25,100,100
7.04,7.02,0.67,35.47,0.23,56.54,0,98.86,74.31,100,100
7.05,16.19,0.74,38.99,0.28,43.64,0,98.95,74.26,100,100
7.06,8.25,0.79,35.49,0.31,55.06,0,98.86,74.26,100,100
7.07,12.06,0.67,38.32,0.28,48.61,0,99.06,74.2,100.08,100
7.08,10.35,0.95,38.4,0.26,50,0,98.84,74.2,100,100
7.09,12.18,0.85,43.71,0.31,42.83,0,98.83,74.33,100,100
7.1,10.53,0.72,38.02,0.31,50.35,0,99.03,74.17,100.08,100
7.11,13.6,1.33,37.52,0.28,47.2,0,98.88,74.24,100,100
7.12,10.81,0.59,40.47,0.31,47.77,0,98.9,74.17,100,100
7.13,9.48,0.61,40.26,0.23,49.3,0,98.95,74.29,100,100
7.14,11.94,0.74,41.62,0.2,45.37,0,98.92,74.23,100,100
7.15,10.13,0.59,40.25,0.2,48.77,0,98.78,74.18,100,100
7.16,10.77,0.66,36.54,0.18,51.8,0,98.93,74.24,54.88,100
7.17,35.93,0.66,8.34,0.13,54.79,0.6,98.6,74.24,2,100
7.18,6.92,0.81,27.25,0.18,64.73,0,98.89,74.24,77.04,100
7.19,14.86,0.81,38.44,0.18,45.56,0,98.57,74.24,100,100
7.2,6.83,0.66,38.79,0.2,53.44,0,98.83,74.19,100,100
7.21,15.02,0.69,38.71,0.26,45.27,0,98.9,74.14,100,100
7.22,9.31,0.56,33.27,0.2,56.6,0,98.91,74.09,100,100
7.23,10.5,0.82,39,0.31,49.32,0,99.04,74.19,100,100
7.24,14.59,0.67,40.84,0.26,43.55,0,98.88,74,100,100
7.25,9.3,0.67,39.37,0.31,50.27,0,99.08,74.04,100,100
7.26,10.74,0.82,41.49,0.31,46.59,0,98.91,73.97,100,100
7.27,13.69,0.74,40.36,0.31,44.77,0,98.71,73.96,100,100
7.28,10.25,0.89,36.24,0.33,52.18,0,98.95,73.99,100,100
7.29,12.52,0.77,39.78,0.2,46.62,0,98.87,73.99,100,100
7.3,8.95,0.64,44.32,0.2,45.84,0,98.87,74.14,100,100
7.31,11.6,0.56,37.45,0.15,50.22,0,98.87,74.15,100,100
7.32,9.57,0.74,39.46,0.23,49.87,0,98.92,74.06,57.84,100
7.33,25.18,0.48,9.85,0.13,64.21,0.53,98.99,74.06,2.8,0
7.34,8.08,0.66,19.26,0.1,71.88,0,98.99,73.96,55.84,100
7.35,14.95,0.71,32.05,0.15,52.03,0,98.95,73.96,100,100
7.36,6.53,0.81,40.8,0.23,51.52,0,98.82,73.87,100,100
7.37,16.54,0.67,45.51,0.26,36.97,0,98.96,74.06,100,100
7.38,6.33,0.87,41.31,0.31,51.08,0,98.87,74.01,100,100
7.39,13.38,1.12,40.49,0.33,44.47,0,98.88,74.14,100,100
7.4,11.26,0.79,43.81,0.26,43.78,0,99.01,74.22,100,100
7.41,13.37,0.87,39.75,0.31,45.55,0,98.98,74.22,100,100
7.42,12.46,0.74,39.81,0.31,46.58,0,98.87,74.17,100,100
7.43,8.41,0.72,38.39,0.31,52.05,0,99.11,74.18,100,100
7.44,11.97,0.82,41.97,0.31,44.86,0,98.84,74.22,100,100
7.45,11.41,0.66,39.63,0.23,47.94,0,98.93,74.16,100,100
7.46,11.45,0.97,42.52,0.2,44.81,0,98.92,74.09,100,100
7.47,9.86,0.87,40.42,0.2,48.6,0,98.89,74.09,100,100
7.48,11.31,0.74,38.73,0.18,48.97,0,98.95,74.09,67.6,100
7.49,35.77,0.79,12.62,0.13,50.54,0.66,98.83,74.09,1.84,100
7.5,4.39,0.56,20.58,0.13,74.3,0,98.91,74.01,56,100
7.51,11.92,0.82,32.84,0.18,54.19,0,98.9,74.08,100,100
7.52,10.12,0.86,43.93,0.23,44.75,0,98.95,74.11,100,100
7.53,12.92,0.82,36,0.26,49.9,0,98.84,74.11,100,100
7.54,8.09,0.67,44.57,0.28,46.31,0,98.88,74.06,100,100
7.55,12.76,0.69,34.61,0.26,51.56,0,98.85,74.17,100,100
7.56,13.36,1.43,36.93,0.26,47.94,0,98.89,74.17,100,100
7.57,11.15,0.9,39.32,0.33,48.14,0,98.9,74.06,99.8,100
7.58,12.73,0.9,43.69,0.31,42.3,0,98.86,74.15,100,100
7.59,9.1,0.99,44.81,0.31,44.61,0,98.94,74.05,100,100
7.6,13.8,0.79,41.24,0.26,43.83,0,98.91,73.98,100,100
7.61,11.13,0.79,45.19,0.26,42.53,0,98.91,73.91,100,100
7.62,10.15,0.64,42.23,0.18,46.75,0,98.95,73.97,100,100
7.63,13.44,0.74,41.55,0.18,43.99,0,98.93,73.87,100,100
7.64,8.05,0.76,36.17,0.23,54.74,0,98.88,73.82,88.96,100
7.65,19.31,0.76,21.89,0.2,57.68,0.52,99.02,74.2,1.6,0
7.66,24.3,0.76,22.73,0.13,51.9,0,98.79,74.14,61.6,100
7.67,10.51,0.66,39.26,0.2,49.29,0,99.02,74.14,100,100
7.68,9.47,0.82,34.25,0.23,55.18,0,98.78,74.2,100,100
7.69,14.97,1.02,39.11,0.23,44.57,0,98.95,74.18,100,100
7.7,6.33,0.87,39.39,0.31,53.03,0,98.82,74.18,100,100
7.71,14.24,0.84,45.68,0.26,38.88,0,98.96,74.26,100,100
7.72,11.35,0.69,39.49,0.26,48.16,0,99,74.18,100,100
7.73,11.4,0.72,44.8,0.31,42.6,0,98.84,74.14,100,100
7.74,12.73,0.87,40.46,0.31,45.53,0,99.05,74.14,100,100
7.75,9.24,0.87,38.88,0.33,50.41,0,98.91,74.01,100,100
7.76,10.52,1.97,41.61,0.31,45.5,0,98.96,74.16,100,100
7.77,14.77,0.79,40.6,0.2,43.58,0,98.89,74.16,100,100
7.78,7,0.66,38.1,0.23,53.87,0,98.94,74.11,100,100
7.79,11.01,0.79,40.25,0.2,47.67,0,99.01,74.1,100,100
7.8,12.14,0.71,41.75,0.18,45.11,0,99.01,74.05,17.92,100
7.81,9.23,0.69,33.37,0.2,56.43,0,99.04,74,0.48,0
7.82,30.16,0.45,3.4,0.05,65.86,0.54,98.79,74.17,1.68,100
7.83,7.59,0.84,26.31,0.15,65.06,0,98.87,74.17,81.52,100
7.84,12.69,0.77,38.74,0.2,47.49,0,98.77,74.27,100,100
7.85,8.06,0.74,37.08,0.25,53.81,0,98.84,74.09,100,100
7.86,13.86,0.94,39.78,0.28,44.98,0,98.91,73.93,100,100
7.87,12.36,0.92,38.72,0.25,47.54,0,99.02,74.06,100,100
7.88,8.53,0.72,40.27,0.26,50.15,0,98.81,74.04,100.08,100
7.89,13.34,0.71,37.31,0.28,48.28,0,98.8,73.96,99.92,100
7.9,9.65,0.75,35.03,0.31,54.16,0,98.89,74.04,100,100
7.91,12.55,1.05,39.79,0.28,46.17,0,98.93,73.87,100.08,100
7.92,13.68,0.74,36.9,0.28,48.29,0,98.8,73.87,100,100
7.93,7.22,0.74,36.24,0.28,55.39,0,98.89,73.86,100,100
7.94,12.79,0.94,42.53,0.26,43.45,0,98.83,73.9,100,100
7.95,9.29,0.74,39.76,0.18,49.96,0,98.9,74,100,100
7.96,12.94,0.79,39.88,0.18,46.17,0,98.94,74.14,100,100
7.97,12.62,1.32,40.53,0.2,45.19,0,98.97,74.15,26.72,100
7.98,22.77,0.76,15.24,0.15,60.88,0.58,98.92,74.1,1.68,100
7.99,15.09,0.89,20.12,0.15,63.62,0,98.86,73.98,56.32,100
8,10.33,0.84,36.22,0.18,52.35,0,98.9,73.98,100,100
8.01,9.62,0.72,39.05,0.23,50.28,0,98.84,73.98,100,100
8.02,15,0.74,37.12,0.28,46.77,0,98.9,74.1,100,100
8.03,6.82,0.59,37.43,0.28,54.69,0,98.89,73.93,100,100
8.04,13.75,0.79,41.22,0.25,43.89,0,98.82,73.81,100,100
8.05,10.88,0.72,39.03,0.26,49.01,0,98.91,73.85,100,100
8.06,11.18,0.72,39.76,0.28,47.9,0,98.98,73.79,100,100
8.07,12.51,0.95,41.76,0.33,44.3,0,98.84,73.94,100,100
8.08,7.98,0.64,40.63,0.31,50.41,0,98.88,73.69,100,100
8.09,13.84,0.79,35.89,0.25,49.15,0,98.9,73.85,100,100
8.1,10.45,0.69,39.69,0.2,48.84,0,98.96,73.76,100,100
8.11,10.34,0.74,40.28,0.23,48.31,0,99.06,73.86,100,100
8.12,10.89,0.71,41.51,0.18,46.63,0,98.9,73.88,100,100
8.13,9.33,1.63,38.13,0.15,50.71,0,98.88,73.82,100,100
8.14,13.08,0.76,16.05,0.13,69.85,0.6,98.91,73.71,15.36,100
8.15,23.88,0.76,16.41,0.08,58.86,0.04,98.89,74.23,41.2,100
8.16,7.47,0.79,33.96,0.18,57.51,0,98.94,74.03,100,100
8.17,13.26,0.86,40.94,0.18,44.64,0,98.92,74.17,100,100
8.18,12.16,0.84,33.73,0.23,53.01,0,99.01,73.95,100,100
8.19,8.86,0.67,36.77,0.28,53.32,0,98.94,73.84,100,100
8.2,16.15,1.53,39.43,0.26,42.52,0,98.85,73.92,100,100
8.21,10.5,0.74,39.59,0.26,48.81,0,98.85,74.13,100,100
8.22,10.49,0.74,36.34,0.31,52.05,0,98.9,74.09,100,100
8.23,12.3,0.85,39.73,0.28,46.76,0,98.91,74.09,100,100
8.24,10.84,0.74,44.68,0.33,43.3,0,98.9,74.14,100,100
8.25,12.6,0.61,39.27,0.26,47.18,0,98.85,74.29,100,100
8.26,9.69,0.77,40,0.26,49.18,0,98.92,74.24,100.08,100
8.27,10.27,0.84,42.93,0.23,45.65,0,98.88,74.17,99.92,100
8.28,10.82,1.02,38.03,0.18,49.9,0,98.95,74.21,100,100
8.29,10.34,0.74,38.14,0.2,50.55,0,98.92,74.15,100.08,100
8.3,9.95,0.89,37.92,0.18,50.98,0,98.82,74.17,25.2,100
8.31,32.07,0.51,13.82,0.13,53.35,0.64,98.95,74.18,1.6,100
8.32,7.27,1.09,38.2,0.2,53.09,0,98.94,74.08,97.28,100
8.33,14.43,0.82,39.4,0.2,45.05,0,98.89,74.08,100,100
8.34,8.86,0.56,35.69,0.26,54.58,0,98.77,74.15,100,100
8.35,14.03,1.38,35.22,0.26,48.99,0,98.89,74.22,100,100
8.36,13.83,0.94,36.12,0.26,48.83,0,99.03,74.21,100,100
8.37,8.58,0.79,39.82,0.26,50.45,0,98.91,74.21,100,100
8.38,12.89,0.72,41.68,0.23,44.35,0,98.95,74.21,100,100
8.39,10.63,0.89,40.56,0.33,47.46,0,98.81,74.29,100,100
8.4,10,0.7,36.09,0.31,52.8,0,98.94,74.29,100,100
8.41,13.51,0.62,39.57,0.26,45.95,0,98.86,74.41,100,100
8.42,10.97,0.87,37.74,0.28,50.09,0,98.86,74.47,100,100
8.43,8.78,0.66,43.5,0.18,46.83,0,99.06,74.4,100,100
8.44,12.72,0.87,38.47,0.2,47.63,0,98.98,74.34,100,100
8.45,8.43,0.74,37.21,0.2,53.37,0,99.01,74.34,100,100
8.46,11.89,0.69,36.54,0.18,50.63,0,98.88,74.15,13.76,100
8.47,24.9,0.81,17.71,0.18,56.19,0.53,99.06,74.34,1.44,0
8.48,14.87,0.68,20.16,0.1,64.1,0,99.02,74.29,55.84,100
8.49,8.26,0.53,38.53,0.15,52.48,0,98.88,74.24,100,100
8.5,12.8,0.84,37.53,0.15,48.58,0,98.91,74.24,100,100
8.51,10.17,0.64,37.43,0.25,51.38,0,98.78,74.24,100,100
8.52,8.32,0.64,41.91,0.26,48.8,0,98.9,74.24,100,100
8.53,15.15,0.79,37.64,0.2,46.09,0,98.88,74.28,100,100
8.54,13.4,0.72,38.67,0.26,46.88,0,98.94,74.25,100,100
8.55,10.15,0.87,37.57,0.31,50.92,0,98.87,74.37,100,100
8.56,13.15,1.03,38.13,0.28,47.28,0,98.87,74.4,100,100
8.57,8.39,0.69,38.79,0.33,51.69,0,98.9,74.4,100,100
8.58,9.92,0.87,38.61,0.28,50.17,0,98.96,74.4,100,100
8.59,14.28,0.82,39.69,0.26,44.88,0,98.87,74.23,99.8,100
8.6,9.57,0.59,39.12,0.23,50.42,0,98.92,74.23,100,100
8.61,11.48,0.87,40.9,0.18,46.47,0,99.04,74.38,100,100
8.62,11.38,0.84,37.79,0.18,49.72,0,98.89,74.43,99.76,100
8.63,10.59,0.64,35.11,0.23,53.28,0,98.77,74.37,0.64,100
8.64,24.55,0.53,2.87,0.08,71.87,0.71,98.9,74.37,2,0
8.65,8.23,0.89,32.32,0.2,58.3,0,98.88,74.37,91.28,100
8.66,11.96,0.72,35.45,0.2,51.57,0,98.86,74.37,100.08,99.98
8.67,7.5,0.56,38.83,0.2,52.83,0,98.88,74.37,100,100.02
8.68,15.01,0.82,39.97,0.23,43.89,0,98.88,74.37,99.92,100
8.69,11.69,0.67,37.35,0.26,49.88,0,98.86,74.2,100.08,100
8.7,10.07,0.77,41.61,0.31,47.16,0,98.99,74.12,100,100
8.71,10.77,0.92,37.93,0.25,50.05,0,98.84,74.25,100,100
8.72,11.87,0.62,38.97,0.31,48.15,0,98.91,74.25,100,100
8.73,11.31,0.97,41.8,0.33,45.41,0,98.82,74.21,100,100
8.74,11.45,0.54,41.24,0.31,46.41,0,98.88,74.21,100,100
8.75,9.65,0.95,38.44,0.26,50.63,0,98.93,74.28,100,100
8.76,13.58,0.79,39,0.18,46.43,0,98.9,74.27,100,100
8.77,12.94,0.71,33.96,0.18,52.08,0,98.82,74.27,100,100
8.78,5.62,0.84,40.56,0.2,52.75,0,98.95,74.15,100,100
8.79,14.85,0.94,45.44,0.18,38.55,0,98.89,74.32,69.28,100
8.8,6.73,0.71,30.01,0.2,62.29,0,99.03,74.27,0.32,0
8.81,36.79,1.01,12.09,0.1,49.91,0.56,99.05,74.41,20.64,100
8.82,6.89,1.42,35.97,0.18,55.47,0,98.72,74.33,100,100
8.83,12.33,0.74,42.82,0.18,43.84,0,98.91,74.33,100,100
8.84,9.18,0.76,37.91,0.25,51.76,0,98.9,74.33,100,100
8.85,12.78,0.79,37.08,0.26,48.99,0,98.86,74.38,100,100
8.86,10.06,0.84,41.15,0.26,47.59,0,98.88,74.32,100,100
8.87,14.24,1.07,39.97,0.26,44.33,0,98.84,74.31,100,100
8.88,9.47,0.79,44.68,0.28,44.73,0,99.02,74.3,100,100
8.89,12.83,0.8,38.54,0.31,47.47,0,98.88,74.3,100,100
8.9,11.14,0.64,38.9,0.31,48.96,0,98.93,74.3,100,100
8.91,11.34,0.82,39.48,0.28,47.9,0,98.91,74.3,100,100
8.92,9.39,0.72,43.63,0.28,45.91,0,99.01,74.3,100,100
8.93,9.17,0.87,41.97,0.18,47.68,0,99.03,74.3,100,100
8.94,14.37,0.66,40.61,0.2,44.05,0,98.83,74.08,100,100
8.95,11.24,0.74,40.5,0.18,47.24,0,98.91,74.24,100,100
8.96,8.94,0.72,34.72,0.23,55.37,0.28,98.89,74.24,12,100
8.97,32.81,0.61,6.12,0.1,60.14,2.29,98.8,74.29,2.4,0
8.98,11.16,1.25,36,0.18,51.34,0,98.9,74.36,95.6,100
8.99,13.68,0.81,39.2,0.2,46.03,0,98.88,74.35,100,100
9,7.75,0.64,37.68,0.18,53.73,0,98.92,74.25,100,100
9.01,12.78,0.82,38.61,0.18,47.54,0,98.92,74.13,100,100
9.02,10.84,0.76,33.07,0.25,55,0,98.95,74.2,100,100
9.03,10.96,0.84,37.05,0.2,50.79,0,98.88,74.1,100,100
9.04,15.7,0.84,44.24,0.26,38.83,0,98.84,74.1,100,100
9.05,8.63,0.8,40.09,0.31,50.13,0,98.87,74.08,100,100
9.06,11.82,0.72,37.55,0.31,49.5,0,98.93,74.43,100,100
9.07,12.99,0.77,41.76,0.26,44.1,0,98.89,74.35,100,100
9.08,11.96,0.77,37.33,0.26,49.62,0,98.93,74.35,100,100
9.09,9.03,0.74,37.53,0.2,52.4,0,98.8,74.29,100,100
9.1,9.1,0.54,38.89,0.18,51.29,0,98.8,74.22,100,100
9.11,13.9,0.74,42.73,0.18,42.37,0,98.97,74.27,100,100
9.12,9.56,0.61,35.21,0.2,54.34,0,98.89,74.19,100.08,100
9.13,41.2,0.91,8.26,0.1,49.41,0.58,98.85,74.21,30.4,100
9.14,4.47,0.69,35.99,0.18,58.58,0,98.92,74.21,100,100
9.15,15.91,0.76,36.44,0.18,46.69,0,98.91,74.37,100,100
9.16,10.89,0.79,36.21,0.15,51.88,0,98.87,74.27,100,100
9.17,9.67,0.71,39.58,0.26,49.68,0,98.93,74.35,100,100
9.18,12.96,0.66,35.84,0.25,50.18,0,98.97,74.25,100,100
9.19,13.26,1.53,34.44,0.23,50.49,0,98.93,74.35,100,100
9.2,10.76,0.84,37.06,0.28,50.93,0,98.94,74.4,100,100
9.21,11.18,0.89,43.26,0.28,44.21,0,98.82,74.4,100,100
9.22,11.91,0.77,40.31,0.33,46.6,0,98.84,74.4,100,100
9.23,10.58,0.72,41.28,0.26,47.08,0,98.96,74.4,100,100
9.24,14.04,0.89,39.04,0.23,45.69,0,98.9,74.4,100,100
9.25,9.6,0.76,41.45,0.18,47.93,0,98.94,74.4,100,100
9.26,13.71,0.79,37.78,0.18,47.47,0,98.99,74.4,100,100
9.27,8.01,0.81,40.59,0.2,50.36,0,98.96,74.34,100,100
9.28,14.14,0.58,25.6,0.18,59.42,0,98.89,74.34,35.04,100
9.29,29.19,0.93,14.09,0.08,55.63,0.67,98.84,74.33,37.2,100
9.3,5.64,0.71,36.38,0.2,57,0,98.86,74.33,100,100
9.31,13.03,0.61,40.23,0.13,45.93,0,98.95,74.28,100,100
9.32,11.74,0.64,39.74,0.15,47.69,0,98.9,74.23,100,100
9.33,10.6,0.69,35.45,0.2,52.98,0,98.85,74.22,100,100
9.34,12.54,0.69,35.08,0.26,51.28,0,98.88,74.25,100,100
9.35,12.74,0.79,36.36,0.26,49.8,0,98.86,74.32,100,100
9.36,10.84,0.79,38.43,0.26,49.63,0,98.91,74.32,100,100
9.37,12.74,0.72,37.19,0.31,48.95,0,98.8,74.32,100,100
9.38,10.82,0.89,35.21,0.28,52.65,0,98.88,74.32,100,100
9.39,12.71,0.89,38.55,0.25,47.41,0,98.87,74.32,100,100
9.4,9.57,0.84,41.96,0.2,47.25,0,98.9,74.32,100,100
9.41,10.2,0.71,38.14,0.2,50.69,0,98.93,74.27,100,100
9.42,9.67,0.89,42.27,0.18,46.89,0,98.88,74.27,100.08,100
9.43,10.08,0.69,40.79,0.18,48.16,0,98.9,74.26,100,100
9.44,9.19,0.74,38.05,0.2,51.77,0,98.91,74.2,26.88,100
9.45,39.49,0.88,14.32,0.1,45.05,0.57,98.97,74.18,22.64,100
9.46,7.17,0.76,35.68,0.18,56.16,0,98.81,74.12,100,100
9.47,14.14,0.86,40.7,0.2,43.93,0,99.05,74.19,100,100
9.48,6.32,0.64,37.66,0.18,55.18,0,98.86,74.13,100,100
9.49,14.01,0.64,38.03,0.2,47.06,0,98.85,74.04,100,100
9.5,12.05,1.81,33.02,0.23,52.76,0,98.94,74.04,100,100
9.51,13.35,0.97,36.92,0.23,48.44,0,98.88,74.17,99.8,100
9.52,10,0.84,36.57,0.25,52.15,0,98.9,74.11,100,100
9.53,12.64,1.02,37.68,0.28,48.25,0,98.86,74.17,100,100
9.54,8.78,0.92,38.9,0.31,50.92,0,98.89,74.17,100,100
9.55,14.1,0.82,43.84,0.23,40.86,0,98.82,74.17,100,100
9.56,11.14,0.64,40.23,0.23,47.71,0,98.87,74.17,100,100
9.57,8.31,0.74,39.45,0.18,51.26,0,98.85,74.22,100,100
9.58,14.22,0.74,39.01,0.18,45.76,0,98.94,74.22,100,100
9.59,7.63,0.69,39.61,0.2,51.77,0,98.81,74.22,91.04,100
9.6,14.84,0.79,26.96,0.18,57.13,0,98.89,74.3,0.16,0
9.61,33.5,1.14,18.18,0.15,46.85,0.57,98.92,74.25,56.8,100
9.62,10.77,0.71,36.02,0.18,52.19,0,98.9,74.19,100,100
9.63,10.2,0.71,38.22,0.18,50.58,0,99.04,74.19,100,100
9.64,10.39,0.59,41.84,0.18,46.93,0,98.91,74.14,100,100
9.65,9.63,0.59,35.12,0.26,54.33,0,98.91,74.27,100,100
9.66,13.54,0.84,36.59,0.2,48.67,0,98.91,74.28,100,100
9.67,10.45,0.69,40.03,0.26,48.5,0,98.9,74.2,100,100
9.68,13.94,0.74,38.03,0.28,46.85,0,98.89,74.26,100,100
9.69,8.46,0.74,40.34,0.28,50.08,0,98.91,74.31,100,100
9.7,12.21,0.74,37.5,0.31,49.14,0,98.95,74.31,100,100
9.71,12.41,0.89,41.4,0.23,44.98,0,98.89,74.38,100,100
9.72,12.33,0.81,39.35,0.2,47.21,0,98.93,74.43,100,100
9.73,12.23,0.76,44.16,0.2,42.56,0,98.86,74.37,100,100
9.74,8.16,0.56,37.45,0.18,53.6,0,98.96,74.37,100,100
9.75,11.27,0.61,44.17,0.2,43.66,0,98.71,74.32,100,100
9.76,13.45,0.56,28.76,0.15,56.99,0,98.92,74.27,24.32,100
9.77,33.13,1.06,16.77,0.13,48.81,0.55,98.91,74.35,43.2,100
9.78,7.82,0.69,37.56,0.13,53.76,0,98.76,74.29,100,100
9.79,12.14,0.81,37.27,0.18,49.45,0,98.94,74.24,100,100
9.8,10.19,0.69,40.26,0.18,48.66,0,98.97,74.24,100,100
9.81,10.43,0.76,38.92,0.2,49.56,0,98.96,74.11,100,100
9.82,12.36,0.79,35.78,0.26,50.7,0,98.96,74.26,100.08,100
9.83,11.73,0.79,42.09,0.26,45.03,0,98.87,74.27,100,100
9.84,12.33,0.72,37.17,0.26,49.42,0,98.82,74.27,100,100
9.85,11.71,2.37,39.93,0.31,45.53,0,98.89,74.27,100,100
9.86,9,0.66,39.25,0.31,50.52,0,98.88,74.23,100,100
9.87,11.55,0.94,38.59,0.25,48.59,0,98.88,74.17,100,100
9.88,13.14,0.82,43.51,0.2,42.23,0,98.92,74.12,100,100
9.89,8.92,0.71,39.25,0.2,50.84,0,98.99,74.21,100,100
9.9,11.15,0.61,40.44,0.15,47.57,0,98.92,74.18,100,100
9.91,11.53,0.69,37.26,0.2,50.19,0,98.99,74.25,100,100
9.92,11.82,0.51,15.59,0.15,71.88,0.59,99.04,74.34,16.8,100
9.93,29.37,0.78,10.87,0.1,58.78,0.03,98.97,74.34,37.68,100
9.94,5.72,0.79,41.66,0.2,51.55,0,98.83,74.34,100,100
9.95,18.16,0.86,30.86,0.18,49.86,0,98.98,74.29,100,100
9.96,9.82,0.76,35.11,0.18,54.02,0,98.82,74.22,100,100
9.97,10.09,0.74,35.02,0.18,53.95,0,98.9,74.15,100,100
9.98,12.26,0.66,36.7,0.2,50.1,0,98.74,74.21,100,100
9.99,12.03,0.72,35.9,0.26,50.97,0,98.86,74.2,100,100
10,9.74,0.79,41.33,0.26,47.72,0,98.81,74.09,100,100
10.01,12.42,0.74,36.88,0.31,49.51,0,98.96,74.17,100,100
10.02,10.71,0.72,36.99,0.31,51.2,0,98.75,74.06,100,100
10.03,12.45,0.79,36.51,0.28,49.86,0,98.87,74.22,100,100
10.04,10.24,0.71,41.31,0.2,47.48,0,98.87,74.22,100,100
10.05,10.67,0.81,40.66,0.2,47.57,0,98.96,74.22,100,100
10.06,10.96,0.69,37.82,0.18,50.31,0,98.84,74.22,100,100
10.07,8.58,0.71,36.34,0.18,54.16,0,98.91,74.22,76,100
10.08,9.52,0.66,40.85,0.15,48.76,1.42,98.91,74.22,0.48,0
10.09,33.42,1.06,6.28,0.15,58.96,3.33,98.9,74.28,7.6,100
10.1,9.07,0.69,38.86,0.15,51.13,0,99.02,74.15,100,100
10.11,11.55,0.64,39.43,0.2,48.16,0,98.98,74.21,100,100
10.12,7.98,0.86,42.24,0.18,48.62,0,98.87,74.21,100,100
10.13,15.19,0.84,43.18,0.2,40.5,0,98.9,74.22,100,100
10.14,8.22,0.56,39.71,0.23,51.12,0,98.91,74,100,100
10.15,14.29,0.87,44.71,0.26,39.8,0,98.84,73.96,100,100
10.16,8.29,0.74,41.23,0.26,49.38,0,98.93,73.96,100,100
10.17,12.06,0.85,42.13,0.36,44.52,0,98.89,74.03,100,100
10.18,12.97,0.77,40.33,0.26,45.57,0,98.89,74.03,100,100
10.19,9.85,0.84,41.82,0.31,47.08,0,98.9,74.03,100,100
10.2,14.1,0.77,43.26,0.2,41.57,0,98.88,74.03,100,100
10.21,8.85,1.55,38.58,0.2,50.76,0,99,73.87,100,100
10.22,8.44,0.76,40.3,0.2,50.24,0,98.86,73.96,100,100
10.23,13.7,0.76,34.46,0.15,50.78,0,98.87,74.09,100,100
10.24,15.9,0.59,7.22,0.13,76.04,0.57,98.88,74.23,50.08,100
10.25,20.8,0.81,22.54,0.13,55.67,0,98.82,74.24,64.72,100
10.26,8.22,0.91,35.24,0.2,55.27,0,98.89,74.32,100,100
10.27,13.66,0.84,32.89,0.2,52.32,0,98.83,74.38,100,100
10.28,10.79,1.2,34.93,0.15,52.85,0,98.92,74.38,100,99.98
10.29,8.95,0.82,44.5,0.23,45.42,0,98.9,74.25,100,100.02
10.3,12.05,0.92,38.95,0.23,47.75,0,98.89,74.3,100,100
10.31,13.25,0.82,39.91,0.28,45.66,0,98.89,74.24,100,100
10.32,9.37,0.77,41.51,0.31,47.94,0,99.04,74.24,100,100
10.33,11.87,0.87,37.25,0.28,49.55,0,98.88,74.31,100,100
10.34,13.33,0.82,41.15,0.28,44.33,0,98.88,74.32,100,100
10.35,8.64,0.69,39.97,0.25,50.34,0,98.9,74.37,100,100
10.36,10.17,0.76,38.88,0.18,49.91,0,98.92,74.37,100,100
10.37,13.87,0.72,38.99,0.15,46.2,0,98.92,74.31,100,100
10.38,9.61,0.71,40.13,0.18,49.31,0,98.96,74.26,100,99.98
10.39,8.15,0.76,37.31,0.15,53.55,0,98.96,74.31,100,100.02
10.4,14.12,0.69,26.01,0.2,58.85,0,98.94,74.23,27.12,100
10.41,29.31,0.4,1.63,0.05,68.53,0.58,99.01,74.18,1.44,100
10.42,9.42,0.94,37.03,0.15,52.36,0,99.04,74.15,95.52,100
10.43,15.07,0.71,38.2,0.15,45.79,0,99,74.34,100,100
10.44,7.54,0.79,39.45,0.18,51.97,0,99.02,74.4,100,100
10.45,13.99,0.82,43.56,0.15,41.37,0,98.88,74.34,100,100
10.46,10.59,0.77,36.61,0.2,51.75,0,98.94,74.29,100,100
10.47,9.52,0.77,41.14,0.23,48.26,0,98.87,74.36,100,100
10.48,10.7,0.77,42.96,0.26,45.24,0,98.95,74.36,100,100
10.49,12.51,0.82,37.35,0.23,49.02,0,98.9,74.32,100,100
10.5,11.24,0.72,36.39,0.28,51.24,0,99.04,74.24,100,100
10.51,13.32,0.82,38.03,0.26,47.45,0,98.84,74.33,99.8,100
10.52,13.79,1.02,40.95,0.23,43.93,0,98.95,74.32,100,100
10.53,8.48,0.71,41.03,0.2,49.52,0,98.89,74.32,100,100
10.54,13.7,0.79,40.35,0.15,44.93,0,99.02,74.38,100,100
10.55,8.03,0.64,41.17,0.2,49.91,0,98.93,74.32,100,100
10.56,13.4,0.77,39.46,0.18,46.09,0,98.92,74.28,71.6,100
10.57,20.65,1.42,9.22,0.13,68.5,0.55,98.85,74.33,2,100
10.58,21.08,0.99,33.28,0.15,44.34,0,98.92,74.33,75.36,100
10.59,13.6,0.74,34.93,0.2,50.47,0,98.9,74.33,100,100
10.6,8.04,0.74,39.81,0.18,51.11,0,98.92,74.27,100,100
10.61,13.82,0.79,39.08,0.18,46.08,0,98.9,74.34,100.08,100
10.62,7.52,0.74,39.36,0.18,52.12,0,98.86,74.34,99.92,100
10.63,12.75,0.67,44.23,0.26,42.02,0,98.9,74.34,100.16,100
10.64,11.72,0.62,37.54,0.28,49.74,0,98.92,74.29,100,100
10.65,12.15,0.85,44.67,0.28,41.93,0,98.92,74.34,100,100
10.66,10.2,0.82,43.15,0.33,45.35,0,98.98,74.32,100,100
10.67,11.16,0.93,46.84,0.33,40.56,0,98.79,74.32,100,100
10.68,13.02,0.74,41.13,0.26,44.76,0,98.88,74.32,100,100
10.69,8.63,0.69,37.36,0.23,53.09,0,98.81,74.25,100,100
10.7,13.68,0.69,39.46,0.15,45.95,0,98.97,74.2,100,100
10.71,10.81,0.71,40.82,0.2,47.38,0,98.88,74.2,100,100
10.72,11.55,0.89,39.49,0.18,47.82,0,98.91,74.29,50,100
10.73,11.57,0.48,23.4,0.18,64.36,0,98.82,74.27,0.32,0
10.74,30.11,0.89,20.12,0.15,48.56,0.57,98.81,74.27,63.12,100
10.75,10.44,0.76,35.69,0.2,52.83,0,98.89,74.21,100,100
10.76,8.34,0.66,39.82,0.18,50.95,0,98.91,74.21,100,100
10.77,13.21,0.64,43.28,0.18,42.62,0,98.85,74.21,100,100
10.78,12.43,0.76,33.36,0.15,53.22,0,98.9,74.21,100,100
10.79,8.8,0.54,40.94,0.23,49.46,0,98.93,74.16,100,100
10.8,14.02,0.61,37.91,0.26,47.12,0,98.91,74.08,100,100
10.81,12.28,0.82,42.66,0.28,43.84,0,98.85,74.16,100,100
10.82,9.26,0.69,38.05,0.26,51.64,0,98.96,74.11,100,100
10.83,12.5,0.69,38.86,0.28,47.56,0,98.9,74.18,100,100
10.84,10.74,0.61,33.87,0.23,54.45,0,98.89,74.25,100,100
10.85,12.23,0.74,38.85,0.2,47.92,0,98.86,74.25,100,100
10.86,8.2,0.71,41.06,0.2,49.77,0,99.02,74.25,100,100
10.87,14.2,0.66,40.67,0.15,44.21,0,98.97,74.24,100,100
10.88,7.5,0.58,41.96,0.18,49.73,0,98.98,74.17,100,100
10.89,13.61,0.79,31.25,0.15,54.12,0,98.9,74.24,8.48,100
10.9,31.24,0.9,7.51,0.08,60.07,0.57,98.97,74.31,23.2,100
10.91,5.46,0.61,45.42,0.18,48.28,0,98.9,74.31,100,100
10.92,14.66,0.89,30.66,0.13,53.56,0,99.05,74.38,100,100
10.93,9.29,0.69,39.89,0.2,49.89,0,98.94,74.33,100,100
10.94,13.09,0.56,41.53,0.13,44.63,0,98.91,74.34,100,100
10.95,11.98,0.73,38.94,0.2,48.04,0,98.86,74.29,100,100
10.96,9.6,0.76,37.14,0.25,52.14,0,98.87,74.29,100,100
10.97,11.3,0.69,39.25,0.26,48.38,0,98.82,74.26,100,100
10.98,13.49,0.92,36.25,0.28,48.92,0,98.88,74.26,100.08,100
10.99,8.05,0.56,39.77,0.33,51.15,0,98.75,74.27,99.92,100
11,15.37,0.94,40.26,0.25,43.09,0,98.96,74.21,100,100
11.01,8.35,0.87,35.84,0.23,54.67,0,98.89,74.21,100.08,100
11.02,12.83,0.76,43.68,0.18,42.43,0,98.92,74.21,100,100
11.03,11.44,0.81,35.9,0.18,51.55,0,99.06,74.21,100,100
11.04,10.1,0.64,43,0.18,46.01,0,98.84,74.16,100,100
11.05,12.52,0.84,37.17,0.18,49.2,0,98.98,74.1,82.88,100
11.06,13.05,1.67,17.82,0.18,67.11,0.53,98.74,74.05,1.36,0
11.07,31.33,0.61,14.8,0.08,53.11,0.04,98.95,74.12,39.84,100
11.08,5.8,0.81,39.51,0.2,53.6,0,98.9,74.12,99.8,100
11.09,14.43,0.64,33.13,0.18,51.53,0,99.02,74.19,100,100
11.1,7.61,0.59,38.87,0.15,52.73,0,98.92,74.19,100,100
11.11,12.16,0.76,38.25,0.18,48.58,0,98.89,74.18,100,100
11.12,11.26,0.64,36.79,0.15,51.13,0,98.86,74.13,100,99.98
11.13,12.5,0.69,39.41,0.2,47.1,0,98.88,74.07,100,100.02
11.14,10.44,0.61,33.84,0.26,54.76,0,98.79,74.12,100,100
11.15,13,0.67,37.77,0.28,48.21,0,98.93,74.18,100,100
11.16,10.76,0.67,37.27,0.31,50.87,0,99,74.21,100,100
11.17,10.82,0.87,38.34,0.26,49.55,0,98.97,74.16,100,100
11.18,12.73,0.74,41,0.2,45.28,0,98.95,74.04,100,100
11.19,8.03,0.79,43.22,0.18,47.73,0,98.88,74.09,100,100
11.2,11.51,0.76,40.04,0.15,47.44,0,98.94,74.04,100,100
11.21,10.04,0.71,38.6,0.15,50.39,0,98.84,74.04,100,100
11.22,12.9,0.51,26.76,0.15,59.63,0,99.01,73.98,53.76,100
11.23,30.31,1.06,17.56,0.15,50.73,0.56,98.81,74.05,56.88,99.92
11.24,11.5,0.74,33.85,0.18,53.66,0,98.91,74.16,100,100
11.25,11.3,0.84,38.85,0.2,48.75,0,98.98,74.11,100,100
11.26,10.69,0.86,41.59,0.13,46.67,0,98.82,74.04,100,100
11.27,8.08,0.81,36.08,0.2,54.75,0,98.95,74.08,100,100
11.28,14.95,0.86,45.6,0.2,38.33,0,98.87,74.14,100,100
11.29,16.24,0.87,35.85,0.23,46.73,0,98.99,74.18,100,100
11.3,9.44,0.79,34.64,0.28,54.74,0,98.91,74.23,100,100
11.31,11.25,0.79,38.07,0.28,49.5,0,99.02,74.23,100,100
11.32,15.59,0.82,39.09,0.28,44.14,0,98.91,74.23,100,100
11.33,7.32,0.59,38.47,0.28,53.31,0,98.9,74.28,100,100
11.34,11.77,2.01,39.59,0.18,46.35,0,98.85,74.22,100,100
11.35,11.27,0.81,41.91,0.2,45.73,0,98.86,74.22,100,100
11.36,8.52,0.81,39.91,0.18,50.45,0,98.94,74.22,100,100
11.37,11.85,0.86,43.1,0.18,43.89,0,99.01,74.17,100,100
11.38,9.23,0.61,30.88,0.2,58.99,0,98.9,74.17,29.76,100
11.39,38.07,1.06,17.9,0.13,42.74,0.68,98.8,74.27,52.72,100
11.4,10.87,0.61,35.2,0.18,53.04,0,99,74.11,100,100
11.41,7.93,0.84,39.57,0.2,51.39,0,98.98,74.11,100.08,100
11.42,15.3,0.97,38.09,0.15,45.46,0,99.04,74.03,100,100
11.43,8.17,0.79,37.62,0.15,53.11,0,98.92,74.02,100,100
11.44,11.51,0.64,43.07,0.23,44.42,0,98.93,74.01,100,100
11.45,12.03,0.82,36.66,0.25,50.15,0,98.95,73.9,100,100
11.46,8.9,0.72,37,0.28,53.08,0,98.83,74.02,100,100
11.47,13.43,0.69,43.07,0.28,42.37,0,98.87,74.03,100,100
11.48,9.19,0.74,41.15,0.33,48.53,0,98.83,74.04,100,100
11.49,15.54,0.79,41.57,0.2,41.77,0,98.94,74.04,100,100
11.5,10.82,0.71,33.73,0.2,54.43,0,98.84,74.04,100,100
11.51,10.79,0.86,37.83,0.15,50.27,0,98.89,74.14,100,100
11.52,11.87,0.61,42.09,0.2,45.14,0,98.85,74.14,100,100
11.53,10.12,0.84,36.06,0.18,52.75,0,98.9,74.14,100,100
11.54,13.01,0.51,18.91,0.13,67.37,0,98.88,74.07,20.4,100
11.55,33.34,1.04,10.26,0.13,55.04,0.56,98.95,74.07,36.64,100
11.56,4.58,0.69,37.17,0.2,57.31,0,98.97,74.07,100,100
11.57,13.95,0.78,38.83,0.18,46.17,0,98.92,74.19,100,100
11.58,13.35,0.91,43.81,0.18,41.68,0,98.85,74.24,100,100
11.59,8.91,0.79,38.43,0.15,51.57,0,98.95,74.24,100,100
11.6,13.06,0.79,38.4,0.2,47.34,0,98.97,74.18,100,100
11.61,12.31,0.84,40.32,0.23,46.18,0,98.92,74.13,100,100
11.62,10.44,0.64,39.28,0.2,49.36,0,98.78,74.13,100,100
11.63,12.53,0.59,39.48,0.23,47.06,0,98.99,74.18,100,100
11.64,8.97,1.18,36.61,0.26,52.83,0,98.99,74.26,100,100
11.65,13.01,0.82,41.37,0.23,44.46,0,98.9,74.34,100,100
11.66,12.06,0.84,38.04,0.2,48.77,0,98.91,74.39,100,100
11.67,6.46,0.76,41.31,0.2,51.16,0,98.81,74.39,100,100
11.68,15.88,0.74,37.58,0.15,45.57,0,98.92,74.39,100,100
11.69,7.06,0.71,39.39,0.2,52.54,0,98.87,74.39,100,100
11.7,13.42,1.45,32.75,0.18,52.03,0,98.88,74.4,54.8,100
11.71,32.94,0.61,8.86,0.08,57.4,0.5,98.9,74.38,7.52,99.92
11.72,7.61,0.92,34.16,0.18,57.09,0,98.94,74.33,91.84,100.02
11.73,12.83,0.58,36.79,0.15,49.62,0,98.98,74.33,100,100
11.74,8.68,0.79,40.15,0.2,50.15,0,98.93,74.33,100,100
11.75,11.33,0.81,41.67,0.18,45.96,0,98.89,74.38,100,100
11.76,11.09,0.86,39.76,0.2,47.98,0,98.86,74.38,100,100
11.77,10.63,0.82,36.89,0.2,51.38,0,98.76,74.38,100,100
11.78,12.62,0.69,38.85,0.23,47.5,0,98.94,74.33,100,100
11.79,10.09,0.54,35.93,0.31,53.01,0,98.9,74.23,100,100
11.8,12.79,0.69,37.12,0.23,48.96,0,98.78,74.34,100.08,100
11.81,11.81,0.67,39.7,0.28,47.41,0,98.8,74.34,100,100
11.82,8.25,0.69,40.4,0.23,50.36,0,98.88,74.26,100,100
11.83,13.88,0.74,37.1,0.18,48.03,0,98.87,74.3,100,100
11.84,10.29,0.66,37.9,0.15,50.89,0,98.88,74.25,100,100
11.85,8.91,0.66,40.16,0.18,49.99,0,98.98,74.25,100,100
11.86,10.02,0.59,40.04,0.2,49.07,0,99.01,74.25,36.4,100
11.87,32.01,0.61,13.01,0.15,54.12,0.61,99.05,74.36,1.76,100
11.88,14.38,1.15,30.07,0.15,54.09,0,98.91,74.36,76.4,100
11.89,10.94,2.02,38.57,0.2,48.14,0,99.05,74.36,100,100
11.9,10.31,0.79,40.16,0.2,48.51,0,98.88,74.31,100,100
11.91,11.86,0.64,41.78,0.18,45.5,0,98.92,74.36,100,100
11.92,10.8,0.76,40.03,0.13,48.18,0,98.95,74.29,100,100
11.93,8.75,0.76,41.21,0.2,48.97,0,98.89,74.3,100,100
11.94,15.24,0.79,43.56,0.23,40.1,0,98.96,74.3,100,100
11.95,12.69,1.36,41.69,0.28,43.79,0.01,98.84,74.24,100,100
11.96,13.03,0.69,40.84,0.31,45.05,0,98.98,74.19,100,100
11.97,10.87,0.62,36.95,0.28,51.18,0,98.93,74.24,100,100
11.98,10.48,0.74,41.52,0.23,46.89,0,98.9,74.29,100,100
11.99,11.02,0.71,37.56,0.23,50.37,0,98.78,74.12,100,100
12,10.59,0.81,45.66,0.15,42.7,0,98.95,74.24,100,100
12.01,12.41,0.61,36.94,0.18,49.81,0,98.85,74.37,100,100
12.02,10.9,0.66,32.33,0.15,55.93,0,98.9,74.37,100,100
12.03,12.18,0.64,19.7,0.15,67.23,0.58,99,74.42,6.8,100
12.04,33.6,0.58,17.99,0.1,47.66,0.05,98.97,74.21,46.96,100
12.05,5.01,0.69,38.87,0.23,55.13,0,98.82,74.16,100,100
12.06,14.88,0.86,40.3,0.18,43.7,0,98.93,74.22,100,100
12.07,9.33,0.69,39.89,0.23,49.81,0,98.84,74.22,100,100
12.08,11.97,0.79,39.62,0.18,47.38,0,98.96,74.28,100,100
12.09,10.12,0.74,41.26,0.2,47.59,0,98.89,74.21,99.8,100
12.1,12.35,0.7,41.17,0.2,45.53,0,98.91,74.31,100,100
12.11,11.9,0.89,44.56,0.29,42.28,0,98.83,74.38,100,100
12.12,11.86,0.74,42.6,0.28,44.44,0,99.05,74.38,100,100
12.13,14.23,0.87,35.82,0.31,48.69,0,98.73,74.43,100,100
12.14,6.55,0.95,36.96,0.26,55.17,0,98.94,74.44,100,99.98
12.15,14.26,0.69,38.87,0.2,45.93,0,98.89,74.45,100,100.02
12.16,7.06,0.69,41.68,0.2,50.29,0,98.85,74.45,100,100
12.17,12.39,0.82,39.99,0.18,46.6,0,98.88,74.5,100.08,100
12.18,10.26,0.76,38.95,0.2,49.72,0,98.9,74.5,99.92,100
12.19,36.14,0.71,8.52,0.13,54.37,0.59,98.93,74.55,25.68,100
12.2,10.52,0.92,31.49,0.2,56.74,0,98.93,74.55,95.44,100
12.21,12.2,0.76,38.92,0.15,47.89,0,98.83,74.48,100.08,100
12.22,8.28,0.76,38.33,0.2,52.32,0,98.88,74.48,100,100
12.23,13.44,0.74,43.71,0.18,41.89,0,98.93,74.56,100,100
12.24,8.58,0.66,37.2,0.2,53.23,0,98.81,74.56,100,100
12.25,10.91,0.82,44.02,0.23,43.92,0,98.81,74.48,100,100
12.26,16.56,0.64,41.47,0.2,41.03,0,98.89,74.41,100,100
12.27,9.49,0.72,40.03,0.31,49.38,0,98.95,74.41,100,100
12.28,14.11,0.74,39.42,0.31,45.31,0,98.77,74.4,100,100
12.29,11.25,0.71,44.04,0.25,43.58,0,99.16,74.3,100,100
12.3,10.02,0.66,40.62,0.18,48.45,0,98.89,74.36,100,100
12.31,14.1,0.74,39.24,0.15,45.7,0,99.02,74.41,100,100
12.32,8.01,1.81,40.9,0.2,49.01,0,98.89,74.48,100,100
12.33,10.22,0.79,37.8,0.18,50.96,0,98.89,74.42,100,100
12.34,13.37,1.4,31.34,0.2,53.58,0,98.91,74.47,83.52,100
12.35,35.14,0.93,9.9,0.13,53.77,0.53,99.01,74.42,7.68,100
12.36,7.55,0.61,36.77,0.2,54.84,0,98.81,74.49,100,100
12.37,12.55,0.69,38.69,0.18,47.84,0,98.93,74.4,100,100
12.38,10.79,0.64,35.99,0.15,52.38,0,98.83,74.4,100,100
12.39,10.48,0.69,42.04,0.23,46.51,0,98.83,74.33,100,100
12.4,12.77,0.69,39.24,0.18,46.97,0,98.94,74.33,100,100
12.41,8.96,0.76,37,0.18,53.04,0,98.98,74.28,100,100
12.42,13.99,0.82,41.74,0.26,43.04,0,98.83,74.34,100,100
12.43,10.49,1.34,39.08,0.26,48.76,0,98.98,74.34,100,100
12.44,10.29,0.87,42.33,0.33,45.99,0,98.84,74.34,100,100
12.45,12.21,0.87,39.94,0.28,46.52,0,98.99,74.23,100,100
12.46,10.71,0.82,39.66,0.23,48.48,0,98.85,74.23,100,100
12.47,10.42,0.69,42.51,0.2,46.05,0,98.91,74.16,100,100
12.48,12.72,0.69,35.39,0.18,50.89,0,98.92,74.23,100,100
12.49,7.6,0.77,36.81,0.18,54.59,0,98.79,74.32,100,100
12.5,12.93,0.72,41.56,0.2,44.51,0,98.88,74.37,71.68,100
12.51,32.76,0.81,10.66,0.13,55.42,0.57,98.92,74.37,1.6,0
12.52,10.98,1.02,25.58,0.18,62.09,0,98.85,74.37,80.88,100
12.53,12.75,0.84,40.18,0.18,45.96,0,98.82,74.44,100,100
12.54,9.77,0.89,41.02,0.23,47.97,0,98.87,74.38,100,100
12.55,13.1,0.71,40.42,0.18,45.52,0,98.91,74.28,100,100
12.56,8.68,0.82,43.11,0.2,47.14,0,98.82,74.23,100,100
12.57,11.92,0.76,41.81,0.2,45.22,0,98.8,74.23,100,100
12.58,12.52,0.9,39.72,0.23,46.56,0,98.87,74.22,100,100
12.59,9.97,0.95,43.43,0.26,45.27,0,98.94,74.19,100,100
12.6,12.21,0.92,35.91,0.33,50.58,0,98.81,74.19,100,100
12.61,10.75,0.67,36.61,0.28,51.64,0,98.94,74.18,100,100
12.62,10.39,0.69,38.84,0.26,49.74,0,98.88,74.36,100,100
12.63,13.14,0.69,37.23,0.18,48.69,0,98.94,74.31,100.08,100
12.64,10.99,0.84,36.29,0.2,51.64,0,99.16,74.31,100,100
12.65,11,0.84,36.26,0.18,51.65,0,98.93,74.32,99.88,100
12.66,12.29,0.79,37.98,0.18,48.69,0,99.03,74.4,95.44,100
12.67,14.98,0.69,24.23,0.18,59.8,0.63,98.99,74.49,1.44,0
12.68,26.18,0.91,21.19,0.18,51.47,0,98.92,74.49,55.6,100
12.69,9.55,0.96,37.78,0.18,51.49,0,98.89,74.38,100,100
12.7,13.47,0.77,36.4,0.18,49.05,0,99.06,74.38,100,100
12.71,12.61,0.89,38.8,0.18,47.42,0,98.6,74.45,100,100
12.72,11.27,0.76,43.23,0.2,44.43,0,98.9,74.38,100,100
12.73,9.17,1.96,42.7,0.18,45.94,0,99.01,74.38,100,100
12.74,11.33,0.82,41.87,0.2,45.67,0,98.89,74.44,100,100
12.75,13.5,0.77,38.95,0.28,46.35,0,98.97,74.32,100,100
12.76,13.42,0.8,38.96,0.31,46.33,0,98.88,74.36,100,100
12.77,8.35,0.85,38.06,0.33,52.26,0,98.76,74.36,100,100
12.78,13.41,0.82,42.31,0.23,43.16,0,98.93,74.44,100,100
12.79,12.25,0.71,38.52,0.23,48.27,0,98.82,74.5,100,100
12.8,7.86,0.84,41.84,0.2,49.06,0,98.9,74.45,100,100
12.81,13.25,0.74,42.12,0.18,43.62,0,98.99,74.38,100,100
12.82,8.09,0.82,39.21,0.2,51.61,0,98.95,74.38,100,100
12.83,11.93,0.74,34.71,0.2,52.31,0,98.93,74.25,67.36,100
12.84,42.25,1.55,11.31,0.13,44.48,0.56,98.93,74.39,17.28,100
12.85,8.08,0.87,42.73,0.18,48.05,0,98.93,74.4,100,100
12.86,12.2,0.61,42.27,0.2,44.61,0,98.94,74.5,100,100
12.87,10.57,0.76,38.53,0.2,49.86,0,98.93,74.5,100,100
12.88,12.68,0.89,42.31,0.18,43.84,0,98.9,74.46,100,100
12.89,8.93,0.61,41.46,0.18,48.77,0,98.77,74.52,100,100
12.9,10.98,0.79,38.05,0.18,49.9,0,99.1,74.52,100,100
12.91,10.71,0.56,39.52,0.2,48.93,0,98.84,74.52,100,99.98
12.92,10.69,0.71,36.15,0.26,52.12,0,98.92,74.51,100,100.02
12.93,13.13,0.79,35.93,0.23,49.82,0,98.94,74.51,100,100
12.94,12.96,0.85,36.69,0.33,49.06,0,99.04,74.58,100,100
12.95,9.33,0.76,37.75,0.23,51.88,0,98.76,74.52,100,100
12.96,14.33,0.66,35.03,0.18,49.77,0,98.81,74.61,100.08,100
12.97,8.57,0.69,41.38,0.2,49.11,0,98.8,74.61,100,100
12.98,11.98,0.71,36.92,0.18,50.1,0,98.89,74.61,100,100
12.99,10.71,0.76,38.63,0.18,49.67,0,98.91,74.61,60.56,100
13,31.94,0.74,21,0.18,46.07,0.58,99.04,74.61,1.12,0
13.01,8.86,1.73,28.55,0.15,60.68,0,98.86,74.61,75.52,100
13.02,14.48,0.76,36.66,0.18,47.86,0,98.94,74.55,100,100
13.03,7.96,0.66,40.19,0.18,50.96,0,98.86,74.55,100,100
13.04,13.27,0.86,42.97,0.15,42.64,0,98.88,74.55,100,100
13.05,9.88,0.64,37.65,0.15,51.58,0,98.87,74.49,100,100
13.06,10.83,0.64,40.38,0.15,47.95,0,98.95,74.49,100,100
13.07,12.99,0.74,42.23,0.15,43.81,0,98.89,74.49,100,100
13.08,10.3,0.79,36.63,0.28,51.87,0,98.89,74.49,100,100
13.09,14.23,0.69,41.43,0.26,43.26,0,98.79,74.49,100,100
13.1,10.47,0.67,39.53,0.31,48.87,0,98.83,74.56,100,100
13.11,12.98,0.67,37.5,0.2,48.58,0,98.86,74.51,100,99.98
13.12,10.76,0.69,42.52,0.23,45.75,0,98.89,74.41,100,100.02
13.13,8.23,0.76,41.1,0.2,49.61,0,99.02,74.51,100,100
13.14,13.08,0.74,40.57,0.2,45.28,0,98.86,74.46,100,100
13.15,11.81,0.74,32.41,0.2,54.76,0,98.87,74.46,51.84,100
13.16,10.07,0.86,25.32,0.2,63.44,0,98.96,74.46,0.08,0
13.17,35.92,1.11,15.61,0.1,47.01,0.55,99.04,74.46,37.04,100
13.18,5.8,0.74,38.6,0.2,54.58,0,98.9,74.46,100,100
13.19,11.84,0.66,37.21,0.2,50,0,98.85,74.46,100,100
13.2,12.09,0.69,39.86,0.18,47.11,0,99.02,74.46,100,100
13.21,10.7,0.66,38.68,0.2,49.68,0,99.03,74.4,100,100
13.22,11.98,0.84,38.8,0.2,48.05,0,99.02,74.4,100,100
13.23,11.68,0.86,41,0.18,46.23,0,99.09,74.35,100,100
13.24,8.88,0.87,39.82,0.2,50.18,0,98.87,74.35,100,100
13.25,12.74,0.79,38.76,0.31,47.28,0,98.88,74.33,100,100
13.26,10.04,0.62,36.63,0.31,52.36,0,98.93,74.4,100,100
13.27,11.45,0.69,38.02,0.31,49.44,0,98.82,74.47,100,100