timestamp,cpu_usr,cpu_idle,cpu_sys,cpu_iowait,cpu_steal,paging_vmeff,memory_memused,memory_commit,disk_util,network_ifutil
1,0.4,99.4,0.2,0,0,0,16.64,12.78,0,0
1,6.07,65.18,1.52,27.02,0.2,0,16.12,13.08,62,0
1,0,99.9,0,0.1,0,0,16.22,13.08,5.68,0
1,54.29,42.99,2.22,0.3,0.1,0,18.36,17.11,1.28,0.01
1,55.35,41.62,2.42,0.51,0,0,20.36,22.71,1.68,0
1,79.54,17.74,2.32,0,0.2,0,23.1,24.28,0.08,0
1,66.3,32.3,0.8,0.1,0,0,23.14,24.28,0.08,0
1,60.22,38.36,1.11,0,0.2,0,23.62,24.28,0,0
1,57.95,41.05,1.01,0,0,0,24.16,24.28,0.16,0
1,54.74,44.25,0.91,0,0,0,24.76,24.28,0,0
1,49.25,40,1.71,8.94,0.1,0,25.7,24.28,17.36,0
1,56.62,30.43,2.12,10.62,0.1,0,22.65,23.08,21.44,0
1,67.37,31.11,1.21,0,0.1,0,24.43,24.36,0,0
1,65.42,33.97,0.5,0,0.1,0,25.01,24.36,0,0
1,62.59,36.2,1.01,0.1,0,0,25.02,24.36,0,0
1,54.33,44.66,0.81,0,0.1,0,25.51,24.36,0,0
1,58.49,39.7,1.61,0,0.1,0,26.54,24.36,0,0
1,46.42,51.16,2.32,0,0,0,23.24,22.65,0.08,0
1,58.47,39.21,2.02,0,0.1,0,25.14,24.3,0.32,0.74
1,1.11,98.79,0.1,0,0,0,25.14,24.3,0,0
1,1.41,98.39,0.2,0,0,0,25.14,24.3,0.08,0
1,1.31,98.39,0.1,0.1,0.1,0,25.14,24.3,0.08,0
1,1.62,92.32,0.4,5.66,0,0,25.14,24.3,17.6,0
1,1,98.69,0.2,0,0.1,0,25.14,24.3,0,0
1,1.61,98.18,0.2,0,0,0,25.14,24.3,0,0
1,0.81,98.79,0.3,0.1,0,0,25.14,24.3,0.08,0
1,0.81,99.09,0.1,0,0,0,25.14,24.3,0,0
1,1.21,98.39,0.3,0,0.1,0,25.14,24.3,0.08,0
1,15.5,83.28,0.81,0,0.1,0,25.32,24.3,0.08,0.67
1,29.69,69.1,1.11,0.1,0,0,26.24,24.3,0,0.53
1,2.45,96.42,0.51,0,0.31,0,26.09,24.3,0,1.08
1,2.37,96.49,0.52,0,0.21,0,25.91,24.3,0,1.25
1,2.15,96.21,0.62,0,0.1,0,25.91,24.3,0,1.36
1,2.24,97.04,0.41,0,0.1,0,25.91,24.3,0,0.67
1,1.71,97.88,0.2,0.1,0.1,0,25.99,24.3,0.08,0.12
1,2.62,88.4,0.2,8.58,0.1,0,26.04,24.3,11.04,0.05
1,62.88,35.29,1.62,0,0.1,0,26.83,24.5,0.08,0.15
1,60.91,36.85,1.73,0,0.2,0,27.32,24.5,0,0.3
1,56.57,41.21,2.02,0,0.1,0,27.83,24.5,0,0
1,56.7,40.89,1.91,0,0.2,0,28.38,24.5,0,0
1.5,57.3,40.06,2.13,0,0.3,0,28.91,24.5,0,0
1.5,54.54,42.71,2.14,0.1,0.1,0,29.47,24.5,0.08,0
1.5,51.47,45.69,2.53,0,0.2,0,26.03,22.62,1.28,0
1.5,73.76,20.57,3.34,1.93,0.1,0,28.65,24.18,28.16,1.67
1.5,59.56,38.63,1.71,0,0.1,0,29.73,24.18,0,0
1.5,67.74,29.94,2.12,0,0.1,0,30.24,24.18,0,0
1.5,56.26,38.91,2.05,2.46,0.21,0,30.77,24.18,21.36,0
1.5,59.86,37.93,1.71,0.1,0.2,0,31.4,24.18,0.08,0
1.5,57.19,40.06,2.14,0,0.2,0,31.45,24.18,0,0.75
1.5,55.76,40,2.22,1.41,0.3,0,31.79,24.18,11.04,0.3
1.5,56.66,40.49,2.24,0.1,0.2,0,30.87,24.18,1.2,0.15
1.5,80.93,9.49,3.73,4.94,0.1,0,30.83,24.15,17.28,1.67
1.5,52.62,42.94,1.71,2.62,0,0,31.89,24.15,10.88,0.15
1.5,76.44,20.04,3.02,0.1,0.1,0,32.59,24.36,0.16,0
1.5,55.15,42.41,1.94,0,0.2,0,33.08,24.36,0,0
1.5,55.97,37.96,2.33,3.34,0.2,0,33.62,24.36,15.2,0
1.5,55.27,41.99,2.23,0,0.2,0,34.14,24.36,0,0
1.5,55.36,42.31,1.92,0,0.3,0,34.41,24.36,0,0
1.5,52.27,42.68,2.52,2.12,0.2,0,30.28,20.13,12.16,0
1.5,77.28,18.56,3.96,0,0.1,0,33.5,24.32,0.08,1.67
1.5,52.22,35.99,1.81,9.78,0.1,0,34.72,24.32,28.08,0
1.5,76.36,21.82,1.52,0.1,0.1,0,35.32,24.12,0.08,0
1.5,56.17,41.5,1.92,0,0.2,0,35.74,24.12,0.32,0.15
1.5,54.63,33.47,1.83,9.56,0.2,0,36.31,24.12,23.12,0
1.5,54.43,42.81,2.45,0,0.2,0,36.93,24.12,0.08,0
1.5,54.87,42.9,1.62,0,0.2,0,37.44,24.12,0.08,0
1.5,54.75,40.86,2.25,1.74,0.31,0,36.93,24.12,11.04,0
1.5,6.71,81.2,1.22,10.67,0.2,0,33.54,19.72,28.08,0
1.5,0.4,99.2,0.4,0,0,0,28.53,12.79,0,0
1.5,0,99.9,0.1,0,0,0,28.53,12.79,0.08,0
1.5,93.39,3.21,3.41,0,0,0,31.09,18.32,15.12,0
1.5,96.5,0.3,2.8,0,0,0,34.68,19.94,0,0
1.5,97.7,0,2,0,0,0,34.62,19.94,0.08,0
1.5,98.5,0,1.5,0,0,0,35.41,19.94,0,0
1.5,96.3,0,3,0,0,0,35.98,19.94,0,0
1.5,99.2,0,0.8,0,0,0,36.18,19.94,0,0
2,97.3,0,2.7,0,0,0,37.92,19.94,3.36,0
2,97.1,0,2.9,0,0,0,39.54,19.94,7.44,0
2,86.01,2.9,4.2,6.79,0.1,0,37.85,19.94,89.52,0
2,94.49,2.2,3.31,0,0,0,34.35,18.4,0.08,0
2,97.19,0.1,2.4,0,0,0,37.78,19.84,0.72,0.37
2,97.7,0,2.1,0,0,0,37.71,19.84,0,0
2,98.7,0,1.3,0,0,0,38.36,19.84,0,0
2,97.4,0.1,2.2,0,0,0,38.96,19.84,16.72,0
2,99.4,0,0.6,0,0,0,39.02,19.84,4.72,0
2,97.5,0,2.5,0,0,0,40.67,19.84,0.08,0
2,96.9,0,3,0.1,0,0,42.19,19.84,0,0
2,90.27,5.32,4.21,0,0,0,34.72,15.04,0.8,0.25
2,94.99,1.7,2.91,0,0,0,36.88,18.21,0.88,0.42
2,96.9,0.1,2.5,0,0,0,41.03,19.62,4.08,0
2,97.9,0,2.1,0,0,0,41.02,19.62,0.08,0
2,97.8,0,1.9,0,0,0,41.73,19.62,1.6,0.34
2,97.49,0,1.9,0.4,0,0,42,19.62,54.64,0.34
2,96.9,0,3.1,0,0,0,43.59,19.82,0,0
2,91.71,3.6,4.5,0,0,0,41.47,18.69,1.28,0.31
2,95.6,0.5,3.5,0,0,0,39.53,18.56,1.12,0.33
2,97.1,0,2.4,0,0,0,42.69,20.01,0,0
2,98.1,0,1.8,0,0,0,42.56,20.01,0,0
2,98.2,0,1.7,0,0,0,43.43,20.01,0,0
2,98.6,0,1.4,0,0,0,44.08,20.01,6.24,0
2,96.4,0,3.6,0,0,0,45.66,20.01,5.84,0
2,65.59,30.78,3.32,0,0.1,0,38.17,12.64,2.16,0.62
2,19.64,79.36,1.01,0,0,0,39.07,14.92,0,0
2,93.9,3.1,2.5,0.1,0,0,42.31,18.99,0.08,0.35
2,97.5,0.1,1.8,0,0,0,44.33,19.59,0,1
2,98.1,0,1.1,0,0,0,44.27,19.59,0,1.02
2,97.9,0,1.8,0,0,0,44.96,19.59,32.4,0.42
2,97.9,0.1,1.9,0,0,0,46.03,19.59,0,0.41
2,97,0,3,0,0,0,47.57,19.59,0,0
2,38.24,58.93,2.62,0,0.1,0,39.97,12.55,2.08,0.62
2,17.99,81.31,0.7,0,0,0,40.8,14.82,0,0
2,94.6,2.7,2.6,0,0,0,44.11,18.94,0,0.05
2,96.7,0.1,2.2,0,0,0,45.99,19.8,0,1.38
2,97.5,0,1.7,0,0,0,45.93,19.8,6.24,0.93
2,97.7,0,2,0,0,0,46.84,19.8,6.24,0.41
2,98.1,0,1.7,0,0,0,47.56,19.8,0,0.41
2,97.5,0,2.5,0,0,0,49.15,19.8,0.08,0
2,92.77,2.61,4.32,0,0,0,43.02,14.89,2.08,0.49
2,94.3,0.1,4.2,0,0,0,46.54,19.24,0.56,1.83
2,92.9,0,5.3,0,0,0,49.58,20.49,0.48,2.6
2,72.24,22.04,4.41,0.1,0,0,51.72,20.49,1.28,1.53
2,3.14,96.56,0.2,0,0.1,0,51.61,20.49,0.4,0.37
2,93.69,3.4,2.8,0,0,0,52.13,20.26,10.88,0.06
2,98.2,0,1.4,0,0,0,52.06,20.26,8.08,0.47
2,98.9,0,1,0,0,0,51.7,20.26,0.08,0.39
2,98.4,0,1.4,0,0,0,51.39,20.26,12.48,0.37
2,88.18,8.42,3.01,0,0,0,42.23,16.29,75.92,0.51
2,94.39,2.4,3.21,0,0,0,41.54,18.17,0,0
2,90.69,0.1,6.61,0,0,0,44.24,20.43,0,3.16
2,91.06,1.41,5.53,0,0.1,0,45.35,20.43,0.56,2.94
2,96.3,0,3.5,0,0,0,47.33,20.43,0,0.55
2,98,0,1.5,0,0,0,46.55,20.12,0,0.66
2,98.4,0,1.3,0,0,0,46.11,20.12,0.08,0.51
2,98.6,0,1.3,0,0,0,46.1,20.12,0.08,0
2,98.4,0,1.6,0,0,0,46,20.12,22.08,0.21
2,46.78,50.8,2.21,0,0,0,33.74,12.52,21.68,0.68
2,0.2,99.3,0.3,0.2,0,0,33.7,12.52,0.88,0.37
2,0.1,99.4,0.1,0.3,0.1,0,33.65,12.52,1.04,0.51
2,0,100,0,0,0,0,33.62,12.52,0.64,0
2,0.2,99.7,0.1,0,0,0,33.55,12.52,0,0
2,69.01,26.76,4.12,0,0.1,0,21.59,18.51,0,0
2,58.53,39.46,1.72,0.1,0.1,0,23.25,24.15,0.08,0
2,71.27,26.4,2.13,0,0.1,0,25.3,25.46,0,0
2,66.83,32.66,0.5,0,0,0,25.42,25.46,0.08,0
2,62.93,35.25,1.41,0,0.2,0,25.51,25.46,0,0
2,53.19,46.01,0.61,0,0,0,25.93,25.46,0,0
2,54.62,42.57,1.61,1.1,0.1,0,26.71,25.46,7.36,0
2,46.05,52.53,1.42,0,0,0,22.9,21.31,0.32,0
2,65.56,14.75,2.22,17.37,0.1,0,25.65,24.93,17.52,0
2,67.41,31.07,1.11,0,0.2,0,25.84,24.93,0,0
2,56.88,41.5,1.32,0.1,0,0,26.32,24.93,0,0
2,63.48,35.71,0.7,0,0.1,0,26.72,24.93,0.08,0
2,56.09,42.9,0.7,0,0.1,0,27.15,24.93,0,0
2,54.91,37.69,1.62,5.78,0,0,28.02,24.93,19.2,0
2,66.47,30.92,2.52,0,0.1,0,25.56,24.01,0.16,0
2,10.39,87.99,1.11,0,0,0,26.46,25.33,0.32,0.74
2,1.51,98.09,0.2,0.1,0.1,0,26.46,25.33,0.08,0
2,1.21,98.69,0.1,0,0,0,26.45,25.33,0,0
2,1.61,98.29,0.1,0,0,0,26.46,25.33,0,0
2,1.01,93.44,0.3,5.05,0.1,0,26.46,25.33,17.52,0
2,0.91,99.09,0,0,0,0,26.46,25.33,0.08,0
2,1.91,97.89,0.1,0,0.1,0,26.46,25.33,0.08,0
2,0.91,98.89,0.2,0,0,0,26.46,25.33,0,0
2,1.41,98.49,0.1,0,0,0,26.43,25.33,0,0
2,1.21,98.39,0.3,0.1,0,0,26.44,25.33,0,0
2.5,31.43,66.84,1.32,0,0.2,0,27.23,25.33,0,0.67
2.5,13.74,85.25,0.71,0,0.1,0,27.45,25.33,0,0.29
2.5,2.42,97.07,0.4,0,0.1,0,27.36,25.33,0,0.16
2.5,3.03,96.46,0.51,0,0,0,27.31,25.33,0,0.15
2.5,2.42,97.17,0.4,0,0,0,27.39,25.33,0,0.1
2.5,2.02,97.78,0.1,0,0.1,0,27.47,25.33,0,0
2.5,1.92,97.28,0.4,0.1,0.1,0,27.53,25.33,0,0.32
2.5,3.03,93.95,0.63,1.88,0.31,0,27.63,25.33,11.04,1.72
2.5,1.95,96.82,0.41,0,0.2,0,27.56,25.33,0,1.15
2.5,2.74,96.05,0.61,0,0.1,0,27.45,25.33,0.08,0.64
2.5,1.44,97.84,0.41,0,0.21,0,27.48,25.33,0,0.79
2.5,1.01,98.48,0.4,0,0.1,0,27.5,25.33,0,0.21
2.5,1.73,97.87,0.2,0,0.1,0,27.57,25.33,0.08,0.15
2.5,0.91,98.89,0.2,0,0,0,27.51,25.33,0,0.15
2.5,74.47,23.21,2.12,0,0.1,0,28.64,25.54,0,0.07
2.5,55.69,41.97,2.13,0,0.2,0,28.96,25.54,0,0.15
2.5,55.85,41.61,2.14,0,0.2,0,29.48,25.54,0,0
2.5,55.88,41.58,2.03,0,0.3,0,30.03,25.54,0.08,0
2.5,56.1,40.65,2.24,0.71,0.1,0,30.54,25.54,4.16,0
2.5,54.87,30.32,2.33,11.87,0.3,0,30.94,25.54,37.76,0
2.5,54.11,43.15,2.44,0,0.2,0,27.01,23.66,0,0
2.5,76.09,20.36,2.94,0,0,0,30.1,25.18,0,1.72
2.5,56.65,42.14,1.11,0,0.1,0,31.24,25.18,0,0
2.5,75.25,22.55,1.8,0.1,0.1,0,31.76,25.38,0.08,0
2.5,54.64,42.51,2.34,0,0.2,0,32.28,25.38,0,0
2.5,57.52,39.86,1.72,0.5,0.2,0,32.8,25.38,2.4,0
2.5,56.15,40.79,2.54,0,0.2,0,33.4,25.38,0,0
2.5,55.88,39.15,2.54,1.42,0.3,0,33.29,25.38,10.78,1.03
2.5,55.18,41.87,2.13,0.1,0.2,0,33.6,25.38,1.6,0.3
2.5,64.31,32.36,2.73,0.4,0.1,0,30.43,23.69,5.6,0
2.5,63.98,33,2.41,0.2,0.1,0,32.42,25.36,22.48,1.72
2.5,72.85,25.05,2,0,0.1,0,33.67,25.36,0.08,0
2.5,57.63,40.23,1.74,0,0.2,0,33.96,25.36,0.08,0.07
2.5,54.82,37.19,2.15,5.53,0.2,0,34.44,25.36,21.84,0
2.5,55.89,41.49,2.22,0.1,0.2,0,34.96,25.36,0.08,0
2.5,55.67,42.19,1.74,0,0.2,0,35.48,25.36,0.08,0
2.5,55.12,42.45,2.03,0,0.2,0,35.99,25.36,0,0
2.5,56.26,36.67,2.22,4.65,0.2,0,35.47,25.36,21.36,0
2.5,69.98,23.63,4.06,1.52,0.1,0,34.69,25.25,28.08,1.72
2.5,51.66,46.73,1.51,0,0.1,0,36.21,25.25,0,0
2.5,74.9,22.68,2.22,0.1,0.1,0,37.04,25.45,0,0
2.5,55.76,35.17,2.34,6.32,0.1,0,37.6,25.45,21.68,0
2.5,55.3,42.16,1.93,0,0.31,0,38.15,25.45,0.4,0.15
2.5,55.31,42.16,2.02,0.1,0.2,0,38.69,25.45,0,0
2.5,55.07,42.7,1.72,0,0.2,0,39.22,25.45,0,0
2.5,54.42,41.83,2.23,1.12,0.2,0,39.73,25.45,10.96,0
2.5,41.27,47.6,2.25,8.38,0.31,0,35.3,21.04,11.52,0
2.5,1.21,83.08,0.2,15.51,0,0,35.47,21.65,16.72,0
2.5,0.2,99.4,0.3,0,0.1,0,29.96,14,0,0
2.5,21.29,77.31,1.41,0,0,0,31.25,18.56,0,0
2.5,97.5,0,2.5,0,0,0,33.14,19.45,21.76,0
2.5,96.6,0.1,2.9,0,0,0,36.37,21.47,0,0
2.5,98.1,0,1.8,0,0,0,36.37,21.47,0,0
2.5,97.8,0,2.2,0,0,0,37.55,21.47,0,0
2.5,97.9,0,1.8,0,0,0,37.56,21.47,0.08,0
2.5,97.7,0.1,2.2,0,0,0,38.91,21.47,0,0
2.5,97.7,0,2.3,0,0,0,40.25,21.47,0.08,0
2.5,96.9,0,3.1,0,0,0,42.09,21.47,0,0
2.5,81.08,14.81,4.1,0,0,0,35.17,19.32,0,0
2.5,96.59,0.2,2.91,0,0,0,39.03,20.98,0.72,0.22
2.5,98.1,0,1.8,0,0,0,38.99,20.98,0,0
2.5,98.7,0,1.2,0,0,0,38.97,20.98,0,0
2.5,97.3,0,2.6,0,0,0,40.22,20.98,0,0
2.5,98.4,0,1.5,0,0,0,40.16,20.98,66.16,0
2.5,96.8,0,3.2,0,0,0,41.98,20.98,0.16,0
2.5,96.7,0,3.3,0,0,0,43.59,20.98,0,0
2.5,91.49,3.2,5.21,0,0,0,36.73,18.35,0.56,0.17
2.5,97.1,0,2.7,0,0,0,38.06,19.29,0.56,0.5
2.5,96.6,0.1,2.9,0,0,0,41.3,20.93,0.72,0.17
2.5,98.3,0,1.5,0,0,0,41.24,20.93,0,0
2.5,97.9,0,2.1,0,0,0,42.52,20.93,3.04,0
2.5,98.2,0,1.4,0.1,0,0,42.27,20.93,56.88,0.34
2.5,96.7,0,3,0,0,0,43.61,20.93,0,0.34
2.5,96.9,0,3.1,0,0,0,45.4,20.93,0.08,0
2.5,84.18,10.21,4.8,0,0.1,0,39.14,18.78,2.56,0.77
2.5,96.59,0.2,3.11,0.1,0,0,43.13,20.87,0.56,0
2.5,97.8,0,2,0,0,0,44.05,21.22,3.36,0
2.5,98.8,0,1,0,0,0,44.07,21.22,0.24,0
2.5,97.3,0.1,2.3,0,0,0,45.64,21.22,1.04,0
2.5,99.3,0,0.7,0,0,0,45.68,21.22,41.84,0
2.5,96.3,0,3.7,0,0,0,47.82,21.22,0.08,0
2.5,94.3,1,4.7,0,0,0,46.87,21.22,0.08,0
2.5,0.3,99.09,0.61,0,0,0,40.62,13.74,2.64,0.73
2.5,0.1,99.9,0,0,0,0,40.55,13.74,0,0
2.5,0,99.9,0,0,0.1,0,40.49,13.74,0.08,0
2.5,73.76,23.92,2.22,0,0,0,43.48,17.32,0,0.23
2.5,86.42,10.87,2.11,0,0.1,0,44.57,20.07,12.24,0.98
2.5,97.2,0.1,2.5,0,0,0,46.82,20.89,30.72,0.34
2.5,97.4,0,1.7,0,0,0,46.96,20.89,0,1.55
2.5,98.7,0,1.3,0,0,0,47.76,20.89,0.08,0
2.5,96.81,0,2.69,0.1,0,0,48.97,20.89,0,0.68
2.5,80.72,15.96,2.91,0,0,0,45.95,19.5,1.2,0.36
2.5,96.3,0,3.7,0,0,0,47.81,19.94,0,0
2.5,93.21,1.4,4.7,0,0,0,46.49,19.89,1.12,0.79
2.5,97.49,0.1,2.4,0,0,0,48.51,20.77,0.08,0.44
2.5,97,0,2.4,0,0,0,49.31,21.12,0,1.21
2.5,98.7,0,0.9,0,0,0,49.25,21.12,11.44,0.66
2.5,96.5,0,3.1,0,0,0,50.65,21.12,0,0.62
2.5,97.3,0,2.7,0,0,0,51.57,21.12,11.44,0.05
2.5,93.08,1,5.32,0,0,0,49.11,19.8,1.12,1.13
2.5,91.71,1.4,5.29,0,0,0,49.89,21.29,0.48,1.81
2.5,87.64,6.33,5.43,0,0,0,48.98,20.37,2.8,1.64
2.5,92.99,0.3,5.51,0,0,0,52.44,21.57,0.56,1.98
2.5,96.2,0,2.8,0,0,0,54.33,21.57,0.56,1.05
2.5,97.5,0.1,2,0,0,0,55.28,21.57,2.8,0.22
2.5,98.2,0,1.4,0,0,0,54.89,21.77,0.24,0.95
2.5,98.8,0,1.1,0,0,0,54.69,21.77,2.56,0.07
2.5,99.1,0,0.8,0,0,0,54.68,21.77,24.96,0
2.5,94.19,1.5,3.5,0,0,0,47.99,20.01,0,2.28
2.5,93.61,0.1,4.4,0,0,0,48.25,21.49,43.76,3.33
2.5,84.47,8.32,5.51,0.1,0,0,42.96,19.94,0.4,2.04
2.5,93.98,0.3,4.71,0,0,0,45.83,21.41,0.32,1.51
2.5,96,0,3.3,0,0,0,47.44,21.41,0,1.46
2.5,96.49,0.3,3.11,0,0,0,48.93,21.62,0,0.22
2.5,98.6,0,1.3,0,0,0,48.73,21.24,0.08,0
2.5,98.5,0,1.2,0,0,0,48.38,21.24,0,0.39
2.5,98.2,0,1.6,0,0,0,47.98,21.24,14.88,0.63
2.5,72.89,25.1,1.91,0,0.1,0,41.52,17.03,27.44,0
2.5,24.97,70.19,1.61,3.12,0.1,0,35.34,13.37,12.4,0
2.5,0,99.8,0,0.2,0,0,35.27,13.37,0.32,0
2.5,0.1,99.8,0.1,0,0,0,35.2,13.37,0,0
2.5,0.1,99,0.8,0,0.1,0,27.15,13.37,0.32,0
2.5,16.11,82.07,1.81,0,0,0,18.3,18.09,0.08,0
2.5,97.2,0.1,2.6,0,0,0,20.34,18.95,0.08,0
2.5,97.2,0.1,2.5,0,0,0,23.55,21.03,0,0
2.5,97.5,0,2.3,0,0,0,23.51,21.03,0.08,0
2.5,99,0,1,0,0,0,23.72,21.03,0,0
2.5,97.7,0,2.2,0,0,0,24.48,21.03,0,0
2.5,99.1,0,0.9,0,0,0,24.46,21.03,0,0
2.5,98.7,0,1.3,0,0,0,25.36,21.03,7.28,0
2.5,98.5,0.1,1.2,0.1,0,0,25.45,21.03,0.32,0
2.5,97.5,0,2.5,0,0,0,26.43,21.03,0,0
2.5,98,0,2,0,0,0,27.35,21.03,0,0
2.5,98.3,0,1.7,0,0,0,28.27,21.03,0,0
2.5,77.96,18.94,3.11,0,0,0,20.96,18.07,0,0
2.5,97.9,0.1,2,0,0,0,22.69,18.95,0.08,0
2.5,96.4,0.1,2.9,0,0,0,26.06,20.59,0.56,0.15
2.5,97.8,0,2,0,0,0,26.06,20.59,0,0
2.5,99.1,0,0.9,0,0,0,26.25,20.59,54.96,0
2.5,98.1,0,1.9,0,0,0,27.05,20.59,0,0
2.5,98.6,0,1.2,0,0,0,27.05,20.59,0,0
2.5,98.9,0,1.1,0,0,0,27.86,20.59,0.08,0
2.5,98.9,0,0.8,0,0,0,27.91,20.59,0.08,0
2.5,98.3,0,1.7,0,0,0,28.9,20.59,0.08,0
2.5,97.9,0,2.1,0,0,0,29.82,20.59,0.08,0
2.5,97.4,0,2.6,0,0,0,30.74,20.59,9.2,0
2.5,79.88,16.32,3.8,0,0,0,23.79,17.75,0.48,0.15
2.5,97.7,0.1,2.1,0,0,0,25.24,18.8,0.56,0.3
2.5,89.3,5.5,4.4,0,0.1,0,26.34,19.58,0.64,1.33
2.5,90.17,4.91,3.31,1.5,0,0,29.07,20.89,14.16,0.59
2.5,64.01,20.36,2.22,13.31,0.1,0,27.52,20.02,28.88,0.1
2.5,63.98,33.7,2.32,0,0,0,27.37,20.08,0.16,0
2.5,46.92,51.66,1.31,0,0.1,0,26.21,17.16,0.16,0
2.5,51.56,47.03,1.41,0,0,0,27.56,20.07,0,0
2.5,32.43,65.26,1.51,0.7,0.1,0,26.27,17.24,11.12,0.1
2.5,78.6,17.75,2.54,0,0.1,0,29.55,21.3,0.4,1.43
2.5,40.18,58.41,1.41,0,0,0,30.16,21.3,0.32,0.3
2.5,1.41,98.18,0.3,0,0,0,29.81,21.3,0,0.59
2.5,0.9,98.59,0.3,0.2,0,0,29.95,21.3,3.52,0
2.5,0.6,99.19,0.1,0,0.1,0,29.95,21.3,0.32,0
2.5,0.61,98.89,0.41,0.1,0,0,29.7,21.3,0,0.39
2.5,88.03,9.96,1.81,0,0,0,30.91,21.3,4,0.15
2.5,97.6,0,2.1,0,0,0,31.14,21.5,11.04,0.39
2.5,97.5,0,2.3,0,0,0,31.46,21.5,0,0
2.5,97.5,0,2.1,0,0,0,32.03,21.5,0,0
2.5,97.7,0,2,0,0,0,32.61,21.5,0.08,0
2.5,97.8,0,2,0,0,0,33.14,21.5,0.08,0
2.5,97.3,0,2.6,0,0,0,33.71,21.5,2.64,0
2.5,96.5,0,3.1,0.1,0,0,34.07,21.5,63.28,0.3
2.5,97.2,0.3,2.2,0,0,0,34.61,21.5,12.8,0
2.5,97.5,0.1,2.1,0,0,0,35.18,21.5,0,0
2.5,97.9,0,2,0,0,0,35.75,21.5,0,0
2.5,97.6,0,2.1,0,0,0,36.32,21.5,0,0
2.5,84.48,11.91,3.4,0,0.1,0,28.95,18.17,0,0
2.5,96.6,0,2.8,0,0,0,30,19.08,0,1.26
2.5,87.4,0.5,3.9,6.8,0,0,32.44,21.18,63.44,3.13
2.5,97.1,0,2.6,0.1,0,0,34.34,21.18,0,0.39
2.5,97.9,0,2,0,0,0,35.09,21.58,0.08,0.69
2.5,98.1,0,1.8,0,0,0,35.38,21.58,0,0
2.5,97.9,0,1.9,0,0,0,35.91,21.58,0,0
2.5,97.8,0,2,0,0,0,36.47,21.58,0,0
2.5,97.29,0,2.51,0,0,0,37.03,21.58,35.36,0
2.5,97.9,0,1.8,0,0,0,37.59,21.58,6.64,0
2.5,97.2,0,2.5,0,0,0,38.16,21.58,2.56,0
2.5,97.2,0,2.5,0,0,0,38.71,21.58,76.16,0
2.5,97.4,0,2.4,0,0,0,39.27,21.58,0,0
2.5,97.3,0,2.2,0,0,0,39.45,21.58,0.08,0.39
2.5,97.3,0,2.4,0,0,0,40.01,21.58,0.08,0
2.5,97.3,0,2.4,0,0,0,40.57,21.58,0,0
2.5,21.72,76.36,1.62,0.2,0,0,31.35,13.06,0.96,0.39
2.5,0,87,0,12.8,0.2,0,31.35,13.06,26.56,0
2.5,0.1,84.61,0.1,15.19,0,0,31.35,13.06,36.88,0
2.5,0,99.9,0.1,0,0,0,31.35,13.06,0,0
2.5,0,100,0,0,0,0,31.35,13.06,0.08,0
2.5,0.2,99.6,0.1,0,0.1,0,31.35,13.06,0,0
2.5,0.1,99.7,0.2,0,0,0,29.23,13.06,0,0
2.5,17.27,81.33,1.31,0,0,0,30.35,17.61,0.08,0
2.5,98,0,2,0,0,0,31.95,18.55,0,0
2.5,96.7,0.3,2.8,0,0,0,35.3,20.17,0,0
2.5,97.8,0,1.8,0,0,0,35.31,20.17,0.08,0
2.5,97.9,0,2.1,0,0,0,36.63,20.17,0,0
2.5,97.4,0,2.2,0,0,0,36.64,20.17,0,0
2.5,98.1,0,1.9,0,0,0,37.71,20.17,0,0
2.5,97.3,0.1,2.6,0,0,0,39.17,20.17,0.08,0
2.5,96.4,0,3.5,0.1,0,0,40.98,20.17,0,0
3,87.78,8.02,4.11,0,0,0,34.4,18.44,0,0
3,97.3,0.2,2.4,0,0,0,38.34,20.25,0.08,0.03
3,97.8,0,2,0,0,0,38.58,20.95,0.48,0.14
3,99.2,0,0.6,0,0.1,0,38.54,20.95,0,0
3,97.7,0,2.2,0,0,0,39.82,20.95,0.08,0
3,98.3,0,1.5,0,0,0,39.76,20.95,65.92,0
3,97,0.1,2.9,0,0,0,41.52,20.95,1.44,0
3,96.3,0,3.7,0,0,0,43,20.95,0,0
3,91.47,4.42,4.12,0,0,0,35.71,15.14,0.48,0.17
3,96.09,0.7,3.11,0,0,0,39.12,19.28,0.56,0.34
3,96,0.2,3.5,0,0,0,41.25,20.42,1.12,1.56
3,72.14,25.65,2,0,0,0,42.28,20.42,0,0
3,52.99,44.17,1.22,1.52,0,0,42.68,20.42,3.44,0
3,48.79,27.32,2.52,21.17,0.2,0,43.1,20.42,52.72,0.07
3,66.63,30.02,2.94,0,0,0,42.86,20.47,1.84,0.63
3,66.57,31.51,1.42,0,0.2,0,43.68,20.68,3.44,0
3,55.61,41.96,2.12,0.1,0.1,0,44.32,20.68,0.16,0.34
3,53.66,42.63,1.91,1.81,0,0,45.57,20.68,10.72,0
3,70.05,26.03,3.62,0,0.1,0,43.12,19.63,1.28,0.29
3,70.61,25.96,2.12,0.81,0.2,0,44.84,20.66,11.44,0.07
3,54.59,43.69,1.51,0,0.1,0,45.37,20.66,0,0
3,53.82,44.88,1.31,0,0,0,46.29,20.66,0,0
3,59.33,37.44,2.83,0.1,0.1,0,44.08,19.65,1.2,0.29
3,89.1,7.57,2.93,0,0,0,46.6,20.39,0.24,0.36
3,74.8,20.58,1.81,2.51,0,0,46.93,20.39,11.44,0
3,55.41,43.38,1.01,0,0.1,0,47.56,20.39,0.08,0
3,53.82,44.37,1.71,0.1,0,0,49.24,20.39,0,0
3,8.68,90.21,0.91,0,0.1,0,44.99,16.89,1.28,0.34
3,64.65,32.83,2.32,0.2,0,0,47.98,20.37,11.52,0.09
3,65.86,31.62,1.01,0.7,0.1,0,48.07,20.88,11.44,1.19
3,55.26,43.52,1.01,0,0.1,0,48.66,20.88,0,0.68
3,54.84,43.15,1.92,0,0,0,49.87,20.88,0,0.08
3,64.95,30.61,3.42,0.6,0.1,0,47.44,19.59,11.68,0.29
3,74.72,22.96,1.51,0,0.1,0,48.95,20.34,0.08,1.21
3,54.45,43.93,1.52,0,0,0,49.18,20.34,0.24,0.76
3,54.6,43.78,1.31,0.1,0.1,0,49.37,20.34,0.32,0.85
3,46.65,50.1,2.74,0.1,0.1,0,46.68,19.15,2,0.7
3,76.06,19.42,2.92,0.91,0,0,49.43,20.72,5.6,1.39
3,39.51,57.43,2.44,0,0.1,0,51.26,20.72,0.08,1.88
3,96.5,0,3.3,0,0,0,52.63,20.72,0.24,0.37
3,98.4,0,1.4,0,0,0,52.4,20.92,0,0.49
3,98.4,0,1.5,0,0,0,52.18,20.92,2.4,0.3
3,98.7,0,1.3,0,0,0,52.04,20.92,2.64,0.07
3,98.4,0,1.2,0,0,0,51.51,20.92,11.44,0.78
3,91.88,3.21,2.3,2.51,0.1,0,44.4,16.81,11.12,0
3,89.49,7.01,3.4,0.1,0,0,41.48,18.21,0.24,0
3,92.7,0.1,5.2,0,0,0,44.56,20.88,0.56,3.14
3,91.37,0.3,5.62,0,0,0,46.01,20.88,0,2.56
3,94.06,0.7,4.73,0,0,0,47.94,20.88,0,1.34
3,97.4,0.1,2.1,0,0,0,47.12,20.49,0.08,0.87
3,99,0,1,0,0,0,46.83,20.49,0.08,0.37
3,98.1,0,1.3,0.5,0,0,46.77,20.49,5.6,0.07
3,98.8,0,1.2,0,0,0,46.75,20.49,4.32,0
3,98.1,0,1.8,0,0,0,46.54,20.49,100,0.34
3,43.86,53.72,2.31,0,0,0,33.64,12.75,23.04,0.44
3,0.1,99.8,0,0,0.1,0,33.57,12.75,0,0
3,0.3,99.7,0,0,0,0,33.51,12.75,0,0
3,0.1,99.8,0.1,0,0,0,33.44,12.75,0.08,0
3,80.98,15.32,1.41,2.09,0.03,99.82,24.49,13.19,9.62,0.08
3,0.4,91.34,0.1,7.96,0.1,0,23.6,12.75,23.68,0
3,5.05,84.86,2.22,7.77,0.1,0,23.07,13.31,23.68,0
3,0.1,99.8,0,0.1,0,0,23.07,13.31,0.08,0
3,0.2,99.8,0,0,0,0,23.07,13.31,0,0
3,0.2,99.8,0,0,0,0,23.07,13.31,0,0
3,46.29,51.6,2,0,0.1,0,25.04,18.2,0,0
3,96.3,0.2,3.5,0,0,0,29.21,20.26,0.08,0
3,98.1,0,1.7,0,0,0,29.39,20.6,0.08,0
3,98.5,0,1.5,0,0,0,29.5,20.6,0,0
3,98.5,0,1.5,0,0,0,30.26,20.6,0,0
3,98.3,0,1.3,0,0,0,30.48,20.6,0,0
3,99.3,0,0.7,0,0,0,30.49,20.6,0.08,0
3,97.5,0,2.3,0,0,0,31.49,20.6,0,0
3,99.5,0,0.5,0,0,0,31.58,20.6,0,0
3,98.2,0,1.8,0,0,0,32.63,20.6,0,0
3,97.3,0.1,2.6,0,0,0,33.53,20.6,6.88,0
3,95.8,0,1.9,2.3,0,0,34.43,20.6,2.48,0
3,91.1,6.2,2.7,0,0,0,31.02,19.31,0,0
3,95.1,2.2,2.7,0,0,0,29.16,18.53,0.08,0
3,96.8,0.3,2.7,0,0,0,32.52,20.57,0.64,0.16
3,97.4,0,2.2,0,0,0,32.34,20.57,3.36,0
3,99,0,1,0,0,0,32.35,20.57,56.48,0
3,98,0,2,0,0,0,33.2,20.57,0,0
3,98.5,0,1.2,0,0,0,33.14,20.57,0,0
3,99,0,1,0,0,0,33.81,20.57,0,0
3,98.7,0.1,1.1,0,0,0,34.02,20.57,0,0
3,98.8,0,1.1,0.1,0,0,34.65,20.57,0,0
3,97.6,0,2.4,0,0,0,35.52,20.57,0,0
3,97.9,0,2,0,0,0,36.38,20.57,9.36,0
3,98.1,0,1.9,0,0,0,37.26,20.57,0,0
3,92.6,3.1,4.2,0,0,0,30.66,18.13,0.56,0.16
3,96.89,0.1,2.81,0,0,0,34.24,20.17,1.12,0.63
3,97.9,0,1.7,0,0,0,34.04,20.17,0.64,0.31
3,98.5,0,1.5,0,0,0,33.98,20.17,45.04,0
3,97.8,0.1,2.1,0,0,0,34.89,20.17,4.24,0
3,97.8,0,2,0,0,0,34.85,20.17,0,0
3,99.1,0,0.9,0,0,0,34.99,20.17,0,0
3,98.2,0,1.7,0,0,0,35.72,20.17,0,0
3,98.1,0,1.9,0,0,0,36.44,20.17,0,0
3,97.6,0,2.4,0,0,0,37.3,20.17,0,0
3,98.2,0,1.8,0,0,0,38.18,20.17,1.36,0
3,91.78,3.41,3.61,0.9,0,0,31.76,17.56,9.92,0.57
3,96.1,0.1,3.4,0,0,0,35.73,20.09,0.72,0.46
3,98.2,0.1,1.6,0,0,0,36.32,20.09,2.64,0
3,98.1,0,1.8,0,0,0,36.47,20.09,0.96,0
3,98.7,0,1.3,0,0,0,37.05,20.09,39.76,0
3.5,98.5,0,1.5,0,0,0,37.84,20.09,1.84,0
3.5,99,0,0.9,0,0,0,37.86,20.09,0.24,0
3.5,97.9,0,2,0,0,0,38.87,20.09,0.4,0
3.5,99.2,0,0.8,0,0,0,39.34,20.09,0,0
3.5,97.1,0,2.9,0,0,0,40.2,20.09,0,0
3.5,97.8,0,2.2,0,0,0,41.07,20.09,0,0
3.5,90.87,6.02,3.11,0,0,0,36.27,16.38,10.56,0.36
3.5,0.8,98.5,0.4,0,0.1,0,33.11,12.8,1.2,0.36
3.5,7.52,91.68,0.7,0,0,0,33.64,15.08,0,0
3.5,94.28,3.01,2.71,0,0,0,37.22,19.09,0,0.01
3.5,97,0.1,2.3,0.1,0,0,39.22,20.19,39.84,0.79
3.5,97.9,0,1.5,0,0,0,39.15,20.19,0,0.97
3.5,99.1,0,0.8,0,0,0,39.08,20.19,0,0.12
3.5,98.2,0,1.5,0,0,0,40.02,20.19,0,0.46
3.5,97.6,0,1.6,0,0,0,39.97,20.19,0,1.08
3.5,99.5,0,0.5,0,0,0,40.17,20.19,0,0
3.5,97.9,0,1.8,0,0,0,40.83,20.19,0,0.36
3.5,98.6,0,1.1,0,0,0,41.26,20.19,0.08,0.37
3.5,98.8,0,1.2,0,0,0,41.86,20.19,0,0
3.5,97.5,0,2.5,0,0,0,42.83,20.19,9.6,0
3.5,66.57,30.53,2.8,0,0,0,39.62,18.77,1.12,0.36
3.5,94.09,1.8,3.6,0,0.1,0,37.02,18.05,1.36,0.4
3.5,97.8,0,1.9,0,0,0,39.26,19.2,0.08,0.62
3.5,97.3,0.1,2.2,0,0,0,40.79,19.9,9.92,0.67
3.5,98.5,0,1.3,0,0,0,41.04,19.9,14.88,0.36
3.5,89.03,7.24,3.22,0,0,0,39.42,18.97,12.08,0.65
3.5,96.6,0.1,2.4,0,0,0,41.45,20.3,0.08,1.91
3.5,97.3,0,2.7,0,0,0,42.6,20.3,0,0.11
3.5,96,0,3,0,0,0,43.74,20.3,0.08,0.95
3.5,78.28,19.62,2.1,0,0,0,44.81,20.3,0,0
3.5,73.09,23.49,3.01,0,0.1,0,42.3,19.71,2.24,0.46
3.5,75.3,20.55,3.44,0,0,0,44.86,20.89,0.08,1.86
3.5,95.9,0,3.1,0.1,0,0,45.96,20.89,9.68,1.03
3.5,96.9,0.1,2.7,0,0,0,46.62,20.89,2.32,0.39
3.5,96.4,0.3,2.9,0,0,0,47.39,20.89,5.2,0.31
3.5,97.3,0,2.6,0,0,0,47.7,20.89,24.72,0.29
3.5,97.2,0.7,2,0,0,0,48.07,20.89,0,0
3.5,97.5,0.2,2,0,0,0,48.58,20.89,11.44,0
3.5,97.3,0.1,2.3,0,0,0,49.08,20.89,2.48,0
3.5,96.9,0.1,2.8,0,0,0,49.55,20.66,59.28,0
3.5,96.7,0.2,2.9,0,0,0,50.05,20.66,2.48,0
3.5,97,0,2.5,0.2,0,0,50.55,20.66,21.2,0
3.5,96.7,0.5,2.7,0,0,0,51.07,20.66,6.96,0
3.5,97.6,0.1,1.9,0,0,0,51.57,20.66,0,0
3.5,97.2,0.1,2.3,0,0,0,51.85,20.66,0,0.47
3.5,96.7,0.2,2.7,0,0,0,52.16,20.66,0,0.37
3.5,96.9,0,2.9,0,0,0,52.66,20.66,28.08,0
3.5,97.6,0,2.1,0,0,0,53.18,20.66,0,0
3.5,97.4,0,2.3,0,0,0,53.69,20.66,28.08,0
3.5,97.1,0,2.8,0,0,0,54.2,20.66,0,0
3.5,97.8,0.1,1.9,0,0,0,54.73,20.66,0.08,0
3.5,97.1,0,2.6,0,0,0,54.57,20.66,28.16,0
3.5,97.7,0,2.1,0,0,0,53.99,20.66,0,0
3.5,89.5,2.7,3.4,4.2,0.1,0,49.46,18.71,28.08,0
3.5,96.2,0,2.8,0,0,0,48.68,19.16,0,1.27
3.5,94.7,0,4,0,0,0,50.44,20.31,0,1.59
3.5,89.78,4.71,4.51,0,0,0,46.84,19,5.52,2.05
3.5,95.8,0.1,3.3,0,0,0,49.48,20.47,0,1.65
3.5,97.09,0.3,2.51,0,0,0,50.61,20.47,0,0.53
3.5,95.1,0,4,0,0,0,51.44,20.67,5.6,1.1
3.5,97.09,0.2,2.4,0,0,0,52.18,20.67,0,0.37
3.5,96.9,0,2.8,0,0,0,52.65,20.67,6.8,0.72
3.5,97.2,0,2.4,0,0,0,52.99,20.67,7.04,0.07
3.5,97.6,0,2.1,0,0,0,53.34,20.67,8.64,0.14
3.5,97.4,0,2.3,0,0,0,53.88,20.67,30.24,0
3.5,97.7,0,2,0,0,0,54.41,20.67,59.04,0
3.5,97.31,0.1,2.3,0,0,0,54.97,20.67,2.56,0
3.5,97.2,0,2.6,0,0,0,55.54,20.67,20.64,0
3.5,97.6,0,2.1,0,0,0,56.13,20.67,6.72,0
3.5,97.7,0,2.2,0,0,0,56.7,20.67,0,0
3.5,97.4,0,2.5,0,0,0,57.3,20.67,0,0
3.5,97.4,0,2.3,0,0,0,57.89,20.67,0,0
3.5,97.3,0,2.3,0,0,0,58.31,20.67,28.1,0.23
3.5,97.8,0.1,1.9,0,0,0,58.66,20.44,0,0.3
3.5,97.2,0,2.2,0,0,0,59.08,20.44,28.96,0.3
3.5,98,0,1.8,0,0,0,59.69,20.44,0,0
3.5,97.7,0.1,2,0,0,0,59.6,20.44,0,0
3.5,96.9,0,2.8,0,0,0,60.2,20.44,28.16,0
3.5,97.5,0,2.3,0,0,0,60.8,20.44,0,0
3.5,96.9,0.1,2.8,0,0,0,60.32,20.44,0,0
3.5,47.81,32.04,2.44,17.4,0.2,0,55.67,16.47,28.16,0
3.5,42.29,55.38,2.03,0,0.1,0,50.38,12.46,0.08,0
3.5,0,100,0,0,0,0,50.38,12.46,0,0
3.5,0,98.69,0.1,1.1,0.1,0,50.38,12.46,5.28,0
3.5,0.1,99.9,0,0,0,0,50.38,12.46,0,0
3.5,0.1,98.69,0.1,1,0.1,0,50.38,12.46,5.44,0
3.5,0.1,99.8,0.1,0,0,0,50.38,12.46,0,0
3.5,0.1,99.7,0.2,0,0,0,50.41,12.46,0,0
3.5,0.1,99.3,0.6,0,0,0,43.01,12.46,0,0
3.5,27.84,70.55,1.61,0,0,0,44.47,17.11,0.08,0
3.5,97.2,0.2,2.6,0,0,0,46.17,18.05,0.24,0
3.5,97.5,0.1,2.2,0,0,0,49.3,19.72,0,0
3.5,98.3,0,1.5,0,0,0,49.3,19.72,0,0
3.5,97.8,0,2.2,0,0,0,50.6,19.72,0.08,0
3.5,98.3,0,1.4,0,0,0,50.61,19.72,0,0
3.5,97.8,0,2.2,0,0,0,51.92,19.72,3.12,0
3.5,93.89,0,2.8,3.3,0,0,53.21,19.72,7.12,0
3.5,96.3,0,3.7,0,0,0,54.87,19.72,28.24,0
3.5,91.58,3.11,5.21,0,0,0,48.37,17.46,0,0
3.5,96.7,0.1,3.2,0,0,0,52.39,19.98,0.48,0
3.5,97.9,0,1.7,0,0,0,52.36,19.98,0.56,0.17
3.5,99.1,0,0.9,0,0,0,52.37,19.98,0,0
3.5,97.6,0,2.1,0,0,0,53.58,19.98,0,0
3.5,98.4,0,1.5,0,0,0,53.55,19.98,66.4,0
3.5,97.6,0,2.4,0,0,0,54.97,19.98,0.08,0
3.5,96.3,0,3.6,0,0,0,56.41,19.98,0,0
3.5,93.6,2.3,4.1,0,0,0,56.52,19.98,0,0
3.5,94.69,1.2,4,0,0,0,51.59,18.02,0.48,0.17
3.5,96.7,0.1,2.9,0,0,0,55.27,20.4,0.08,0
3.5,96.9,0,2.7,0.1,0,0,55.07,20.4,0,0
3.5,98.7,0,1.2,0,0,0,55.56,20.4,0,0
3.5,94.29,0,2.7,2.7,0,0,56.26,20.4,14.88,0
3.5,83.35,0,1.2,15.35,0.1,0,56.87,20.4,51.6,0
3.5,97.7,0.1,2.1,0,0,0,58.07,20.4,0,0
3.5,97.3,0,2.7,0,0,0,59.46,20.4,0,0
3.5,92.09,3.8,4.1,0,0,0,56.93,18.63,0.24,0.08
3.5,92.56,1.51,5.13,0,0,0,55.7,18.97,0.8,1.69
3.5,82.19,12.78,4.73,0.1,0.1,0,58.69,20.21,0.64,2.33
3.5,11.91,86.68,1.31,0,0,0,59.56,20.21,0,0.59
3.5,1.1,91.97,0.4,6.43,0.1,0,59.5,20.21,19.52,0
3.5,1.11,92.46,0.5,5.83,0.1,0,59.45,20.21,19.52,0
3.5,1,98.6,0.3,0.1,0,0,59.39,20.21,0,0
3.5,1.01,96.98,0.3,1.61,0.1,0,59.32,20.21,10.96,0
3.5,1.61,96.18,0.4,1.71,0.1,0,59.24,20.21,10.96,0
3.5,66.9,29.38,3.22,0,0,0,60.82,20.21,0,1.1
3.5,18.25,80.14,1.31,0,0,0,61.38,20.21,0,0.25
3.5,1.61,98.09,0.1,0,0.1,0,61.11,20.21,0,0.33
3.5,1.01,98.89,0.1,0,0,0,61.05,20.21,0,0
3.5,0.6,99,0.4,0,0,0,60.99,20.21,0,0
3.5,2.51,97.19,0.3,0,0,0,60.95,20.21,0,0
3.5,1.81,92.35,0.4,5.24,0.1,0,60.89,20.21,11.6,0.17
3.5,0.7,86.03,0.2,12.96,0.1,0,60.82,20.21,32.64,0
3.5,1.21,98.48,0.3,0,0,0,60.76,20.21,0,0.17
3.5,1.64,97.85,0.31,0,0.2,0,60.69,20.21,0,0.84
3.5,0.9,98.79,0.3,0,0,0,60.61,20.21,0,0.12
3.5,2.52,96.68,0.6,0,0.1,0,60.29,20.21,0,0.4
3.5,1,98.7,0.3,0,0,0,60.23,20.21,0,0
3.5,0.6,99.1,0.2,0.1,0,0,60.16,20.21,0,0
3.5,1.1,98.8,0.1,0,0,0,60.1,20.21,0,0
3.5,1.61,98.19,0.2,0,0,0,60.03,21.81,0,0.17
3.5,61.37,35.71,2.92,0,0,0,61.9,21.81,0,0.17
3.5,4.77,94.83,0.3,0,0.1,0,62.05,21.81,0.08,0.34
3.5,2.13,96.26,0.4,1.11,0.1,0,61.99,21.81,6.88,0.33
3.5,1.31,93.37,0.6,4.62,0.1,0,61.93,21.81,16.32,0
3.5,1.91,97.78,0.3,0,0,0,61.86,21.81,0,0.17
3.5,1.31,98.39,0.2,0,0.1,0,61.8,21.81,0,0.17
3.5,2.61,97.09,0.3,0,0,0,61.74,21.81,0,0
3.5,1.11,98.18,0.51,0,0,0,61.67,21.81,0,0.47
3.5,0.7,99.09,0.2,0,0,0,61.61,21.81,0,0.09
3.5,1,98.8,0.1,0.1,0,0,61.55,21.81,0,0
3.5,1.01,91.95,0.2,6.74,0.1,0,61.5,21.81,23.28,0.09
3.5,1.2,98.19,0.3,0.1,0.1,0,61.45,21.81,0,0.09
3.5,2.01,97.38,0.3,0,0,0,61.38,21.81,0,0.27
3.5,1.61,97.99,0.4,0,0,0,61.32,21.81,0,0.18
3.5,0.6,98.6,0.6,0,0.1,0,61.25,21.81,0,0.09
3.5,0.8,98.7,0.5,0,0,0,61.18,21.81,0,0
3.5,1.2,98.39,0.3,0,0.1,0,61.12,21.81,0,0.09
3.5,1,98.7,0.3,0,0,0,61.06,21.81,0,0.09
3.5,1,98.5,0.4,0.1,0,0,61,21.81,0,0
3.5,1.54,97.34,0.51,0,0.2,0,60.93,21.81,0,1.37
3.5,0.92,98.46,0.31,0,0.21,0,60.87,21.81,0,1.02
3.5,47.99,47.19,3.61,0,0.1,0,62.12,21.81,0,1.14
3.5,28.99,67.85,1.93,0,0.2,0,62.84,21.81,0,1.16
3.5,0.72,98.16,0.41,0,0.2,0,62.78,21.81,0,1.07
3.5,2.28,94.2,0.62,1.04,0.41,0,62.72,21.81,6.88,2.18
3.5,1.15,93.44,0.83,3.96,0.31,0,62.66,21.81,14.88,2.18
3.5,2.37,96.7,0.52,0,0.31,0,62.6,21.81,0,1.79
3.5,0.71,98.89,0.2,0,0.1,0,62.53,21.81,0,0.22
3.5,1.23,97.74,0.62,0,0.21,0,62.47,21.81,0,0.97
3.5,1.11,98.49,0.3,0,0,0,62.28,21.56,0,0.17
3.5,1.81,97.58,0.3,0.1,0.1,0,62.22,21.56,0.08,0.17
3.5,0.8,98.59,0.5,0,0.1,0,62.16,21.56,0,0.17
3.5,0.6,99.09,0.3,0,0,0,62.09,21.56,0,0.17
3.5,0.7,98.79,0.5,0,0,0,62.03,21.56,0,0.17
3.5,0.81,98.79,0.2,0,0.1,0,62.07,21.56,0.4,0.17
3.5,1.03,98.05,0.41,0,0.31,0,62.73,21.56,3.52,1.01
3.5,1.33,97.55,0.72,0.1,0.2,0,62.71,21.56,0.16,1.12
3.5,1.01,98.59,0.3,0,0.1,0,62.65,21.56,0,0.17
3.5,1.21,98.29,0.3,0,0,0,62.58,21.56,0,0.26
3.5,1.33,98.05,0.1,0,0.31,0,62.53,21.56,0,1.03
3.5,0.71,99.19,0.1,0,0,0,62.47,21.56,0,0.17
3.5,1.85,96.81,0.51,0,0.31,0,62.21,21.56,0,1.36
3.5,65.39,31.39,3.02,0,0,0,63.72,21.35,0,0.56
3.5,8.67,90.32,0.6,0,0.1,0,63.37,21.35,0,0.84
3.5,1.31,98.39,0.2,0.1,0,0,63.3,21.35,0,0.18
3.5,80.84,6.72,1.6,10.73,0,0,63.08,21,17.12,0.26
3.5,97.2,0,2.2,0,0,0,62.31,21,0,1.19
3.5,98.8,0,1,0,0,0,62.14,21,0.32,0.17
3.5,98.4,0,1.6,0,0,0,62.1,21,39.92,0
3.5,98.9,0,1,0,0,0,62.07,21,1.84,0
3.5,98.8,0,1,0,0,0,61.93,21,0,0.19
3.5,98.7,0,1.2,0,0,0,61.72,21,0.72,0.33
3.5,99.1,0,0.9,0,0,0,61.7,21,4.16,0
3.5,98.6,0.1,1.3,0,0,0,61.68,21,3.44,0
3.5,92.89,3.1,3.8,0,0.1,0,45.07,18.11,0,0
3.5,97.2,0.1,2.6,0,0,0,46.97,19.02,0,0.25
3.5,91.59,0.1,6.01,0,0,0,51.27,21.33,0,3.58
3.5,93.4,0,5,0,0,0,53.02,21.33,0,2.63
3.5,94.2,0.1,4.2,0,0,0,55.15,21.33,0,2.9
3.5,94.08,0.4,4.31,0,0,0,57.13,21.33,0.32,2.81
3.5,91.81,2.02,5.16,0,0.1,0,59.13,21.33,21.04,1.68
3.5,98.2,0.1,1.7,0,0,0,59.06,21.13,17.04,0.08
3.5,97.1,0,2.8,0,0,0,58.94,21.13,99.92,0.6
3.5,98.7,0,1,0,0,0,58.7,21.33,33.44,0.42
3.5,98.6,0,1.3,0,0,0,58.65,21.33,0.08,0
3.5,99,0,1,0,0,0,58.63,21.33,0,0
3.5,98.7,0,1.2,0,0,0,58.6,21.33,45.6,0
3.5,98.6,0,1.4,0,0,0,58.59,21.33,0.48,0
3.5,98.5,0,1.4,0,0,0,58.26,21.33,0.8,0.51
3.5,98.8,0,1.2,0,0,0,58.24,21.13,0.08,0
3.5,74.95,21.74,3.31,0,0,0,40.3,13.45,0.08,0
3.5,0.2,99.5,0.2,0.1,0,0,40.24,13.45,0,0
3.5,0.3,99.6,0.1,0,0,0,40.18,13.45,0,0
3.5,0.4,99.5,0.1,0,0,0,40.11,13.45,0.08,0
3.5,0.5,99.4,0.1,0,0,0,40.05,13.45,0,0
3.5,0.4,99.3,0.2,0,0.1,0,39.98,13.45,0.4,0
3.5,0.3,99.6,0.1,0,0,0,39.92,13.45,0,0
3.5,0.6,97.29,2.11,0,0,0,23.77,13.45,0.08,0
3.5,0.4,99.2,0.4,0,0,0,20.81,13.45,0,0
3.5,20.7,77.4,1.7,0,0.1,0,22.02,18.06,0,0
3.5,97,0.1,2.9,0,0,0,23.56,19.27,0,0
3.5,97.4,0,2.4,0,0,0,27.09,20.88,0,0
3.5,98,0,1.7,0,0,0,27.02,20.88,0,0
3.5,99.1,0,0.9,0,0,0,27.11,20.88,0,0
3.5,97.7,0,2.1,0,0,0,27.78,20.88,0,0
3.5,99.1,0,0.9,0,0,0,27.72,20.88,0,0
3.5,98.6,0,1.4,0,0,0,28.61,20.88,0.08,0
3.5,98.7,0.1,1,0.1,0,0,28.7,20.88,0.48,0
3.5,98.2,0,1.8,0,0,0,29.49,20.88,0,0
3.5,98.2,0,1.8,0,0,0,30.37,20.88,0,0
3.5,97.9,0,2.1,0,0,0,31.31,20.88,9.36,0
3.5,97.8,0,2.2,0,0,0,32.25,20.88,0,0
3.5,85.06,10.63,4.21,0,0,0,25.46,18.82,0,0
3.5,97.29,0.1,2.51,0,0,0,29.16,20.86,0.48,0.16
3.5,97.7,0,2,0,0,0,29.1,20.86,0.08,0
3.5,99,0,0.9,0,0,0,29.04,20.86,28.32,0
3.5,97.9,0,2.1,0,0,0,29.96,20.86,31.36,0
3.5,97.7,0,2,0,0,0,29.92,20.86,0,0
3.5,99.2,0,0.8,0,0,0,30.26,20.86,0.08,0
3.5,98.4,0.1,1.3,0,0,0,31.01,20.86,0.8,0
3.5,98.7,0,1.3,0,0,0,31.37,20.86,0,0
3.5,97.2,0.1,2.7,0,0,0,32.33,20.86,0,0
3.5,97.3,0,2.7,0,0,0,33.21,20.86,9.36,0
3.5,97.6,0,2.4,0,0,0,34.09,20.86,0,0
3.5,80.46,15.43,4.11,0,0,0,27.12,18.24,0.56,0.16
3.5,95.4,0.2,4.1,0.1,0,0,31.06,20.57,0.56,0.31
3.5,98.3,0.1,1.5,0,0,0,32.18,20.96,4.48,0.31
3.5,98,0,1.9,0,0,0,32.57,20.96,53.92,0
3.5,99.2,0,0.8,0,0,0,33.07,20.96,0.08,0
3.5,98.1,0.1,1.6,0,0,0,34.31,20.96,3.6,0
3.5,98.8,0,1.1,0,0,0,34.53,20.96,1.28,0
3.5,97.9,0.1,2,0,0,0,35.55,20.96,0.56,0
3.5,98.8,0,1,0,0,0,35.95,20.96,0.24,0
3.5,97.9,0,2.1,0,0,0,36.79,20.96,0,0
3.5,98.1,0,1.9,0,0,0,37.66,20.96,9.36,0
3.5,93.09,4.3,2.6,0,0,0,32.94,17.28,0.48,0.14
3.5,93.79,2.71,3.11,0,0,0,32.29,18.7,1.04,0.29
3.5,97.5,0,2.4,0,0,0,36.36,20.7,2.24,0
3.5,97.4,0,2,0,0,0,36.93,20.7,3.68,0.4
3.5,99,0,0.9,0,0,0,36.96,20.7,19.84,0.07
3.5,91.09,0,2.1,6.71,0,0,38.28,20.7,25.6,0
3.5,98,0,1.7,0,0,0,38.97,20.7,3.04,0
3.5,99.4,0,0.6,0,0,0,39.39,20.7,0,0
3.5,98.3,0.1,1.5,0,0,0,39.91,20.7,0.64,0
3.5,98.2,0,1.8,0,0,0,40.84,20.7,0,0
3.5,97.4,0,2.6,0,0,0,41.7,20.7,0,0
3.5,97.7,0,2.2,0,0,0,42.48,20.7,9.36,0.17
3.5,84.22,10.85,4.32,0,0.1,0,35.9,17.75,1.84,0.64
3.5,96.5,0.1,3.1,0,0,0,39.72,20.4,0.48,0.36
3.5,84.78,12.11,2.9,0.1,0,0,35.45,17.8,0.64,0.19
3.5,96.59,0.1,3.31,0,0,0,38.51,19.47,0,0
3.5,67.27,30.73,1.9,0,0,0,33.94,13.17,40.4,0.19
3.5,62.95,35.04,1.91,0,0.1,0,36.24,17.92,0,0
3.5,96.9,0.1,2.8,0,0,0,38.77,19.94,0,0.41
3.5,97.3,0,2,0,0,0,40.14,20.69,0,1.09
3.5,98.6,0,1.3,0,0,0,40.19,20.69,0.56,0.39
3.5,98.4,0,1.3,0,0,0,40.69,20.69,0,0.48
3.5,98.2,0,1.2,0,0,0,40.9,20.69,0,0.82
3.5,98.5,0,1.4,0,0,0,41.31,20.69,0.56,0.25
3.5,98.5,0.1,1.2,0,0,0,41.74,20.69,0.16,0.55
3.5,98.6,0,1.2,0,0,0,42.13,20.69,0,0.39
3.5,90.7,0,2.1,7.2,0,0,42.97,20.69,31.44,0
3.5,98.1,0,1.9,0,0,0,43.85,20.69,1.84,0
3.5,97.4,0,2.5,0.1,0,0,44.71,20.69,1.84,0
3.5,59.86,36.5,3.44,0,0,0,36.89,15.35,2.56,0.79
3.5,94.18,3.51,2.21,0,0,0,40.11,19.4,0.08,0.2
3.5,82.4,13.8,3.5,0,0.1,0,36.9,15.41,0.08,0.2
3.5,93.49,3.2,3.2,0,0,0,40.41,19.51,12.96,0.16
3.5,92.28,3.81,3.51,0,0,0,40.15,18.93,13.04,0.25
3.5,94.58,1.1,3.71,0,0,0,39.91,19.13,0.16,0.78
3.5,92.51,1.9,4.2,0,0.1,0,39.16,19.35,0.72,1.9
3.5,94.7,0,4.4,0,0,0,41.55,20.95,0.08,1.45
3.5,96.19,0,3.31,0,0,0,43.67,20.95,4.08,1.15
3.5,95.8,0.2,2.9,0,0,0,45.18,20.95,0.08,1.69
3.5,96.7,0,3,0,0,0,46.4,20.95,0.64,0.24
3.5,97.1,0.1,2.6,0,0,0,46.73,20.58,0.64,0.45
3.5,97.3,0,2.1,0,0,0,47.43,20.98,0.08,0
3.5,97.4,0,2.1,0,0,0,47.75,20.98,11.52,0.26
3.5,96.7,0,2.8,0,0,0,48.27,20.98,19.76,0
3.5,97.3,0,2.5,0,0,0,48.79,20.98,26.4,0
3.5,97.9,0.1,1.9,0,0,0,49.3,20.98,30.56,0
3.5,97.9,0,1.9,0,0,0,49.8,20.98,47.28,0
3.5,97.2,0.3,2.3,0,0,0,50.29,20.98,13.36,0
3.5,97,0,2.3,0.5,0,0,50.79,20.98,14.72,0
3.5,97.4,0,2.4,0,0,0,51.28,20.98,0,0
3.5,97.1,0.2,2.5,0,0,0,51.8,20.98,0,0
3.5,96.6,0,2.8,0,0,0,51.89,20.98,0,0.53
3.5,97.5,0,2.2,0,0,0,52.24,20.98,0.08,0.23
3.5,96.5,0,2.9,0,0,0,52.74,20.98,28.08,0
3.5,96.8,0,3.1,0,0,0,53.26,20.98,28.16,0
3.5,97.5,0,2.2,0,0,0,53.77,20.98,0,0
3.5,98.1,0,1.7,0,0,0,54.27,20.98,0.08,0
3.5,97.4,0,2.3,0,0,0,54.79,20.98,0.08,0
3.5,97.5,0,2.4,0,0,0,55.29,20.98,28.08,0
3.5,97.7,0.1,2,0,0,0,55.77,20.98,25.76,0
3.5,97.6,0,2.2,0,0,0,56.28,20.98,2.32,0
3.5,96.6,0,3,0,0,0,56.79,20.98,0.08,0
3.5,92.59,2.1,4.2,0,0,0,49.67,19.17,0.08,1.5
3.5,93.17,2.31,3.61,0.5,0,0,44.62,15.83,3.52,0.95
3.5,91.47,1.6,4.41,0.6,0,0,46.32,19.64,14.8,2.52
3.5,94.11,0,4.2,0,0,0,48.59,20.91,0,2.81
3.5,96.7,0,3.1,0,0,0,50.1,20.91,18.08,0.69
3.5,96.2,0.1,3.3,0,0,0,51.07,20.91,0,0.86
3.5,96.3,0,3.3,0,0,0,51.89,20.91,0,0.79
3.5,97.5,0,2.5,0,0,0,52.52,20.91,0,0
3.5,97.7,0,1.8,0,0,0,52.71,20.68,1.28,0.08
3.5,97.9,0,1.9,0,0,0,53.28,20.68,10.96,0
3.5,97.5,0,2.4,0,0,0,53.83,20.68,43.52,0
3.5,97.2,0,2.6,0,0,0,54.39,20.68,36.48,0
3.5,97.5,0,2.2,0,0,0,55.04,20.68,14.8,0
3.5,97.3,0,2.3,0.1,0,0,55.61,20.68,37.84,0
3.5,97.1,0,2.4,0.1,0,0,56.16,20.68,28.08,0
3.5,97.7,0,2.3,0,0,0,56.72,20.68,0.08,0
3.5,97,0,2.6,0,0,0,57.29,20.68,0.08,0
3.5,97.4,0,2.4,0,0,0,57.8,20.68,0.08,0
3.5,97.4,0,2.5,0,0,0,58.36,20.68,0,0
3.5,97.1,0.1,2.5,0.1,0,0,58.92,20.68,28.16,0
3.5,96.9,0,2.7,0,0,0,59.25,20.68,22.88,0.39
3.5,97,0,2.8,0,0,0,59.67,20.68,5.28,0.23
3.5,97,0,2.4,0,0,0,60.16,20.68,0,0.15
3.5,98.1,0,1.8,0,0,0,60.71,20.68,0.08,0
3.5,97.5,0,2.5,0,0,0,61.28,20.68,0,0
3.5,97.9,0,2,0,0,0,61.84,20.68,0.24,0
3.5,97.3,0,2.5,0,0,0,62.4,20.68,75.92,0
3.5,97.2,0,2.6,0,0,0,62.97,20.68,0,0
3.5,96.6,0,3.1,0,0,0,62.83,20.68,0.08,0
3.5,84.81,11.77,3.12,0,0,0,55.88,16.81,0,0
3.5,2.41,96.89,0.6,0,0.1,0,51.17,12.88,0,0
3.5,0,84.98,0.2,14.72,0.1,0,51.17,12.88,30.64,0
3.5,0.1,90.17,0.1,9.53,0,0,51.17,12.88,25.44,0
3.5,0.1,99.9,0,0,0,0,51.17,12.88,0,0
3.5,0,99.9,0.1,0,0,0,51.17,12.88,0,0
3.5,0.2,99.8,0,0,0,0,51.17,12.88,0,0
3.5,0,99.2,0.7,0,0.1,0,44.82,12.88,0,0
3.5,0.1,99.8,0.1,0,0,0,44.81,12.88,0,0
3.5,61.89,35.31,2.71,0.1,0,0,46.98,17.75,0,0
3.5,96.9,0.2,2.9,0,0,0,51.08,19.99,0.08,0
3.5,97.7,0,2,0,0,0,51.02,20.33,0,0
3.5,98.5,0,1.3,0,0,0,51.11,20.33,0,0
3.5,96,0,3.9,0,0,0,52.37,20.33,0.08,0
3.5,99.1,0,0.9,0,0,0,52.37,20.33,0,0
3.5,96.8,0,3.2,0,0,0,54.29,20.33,0,0
3.5,96.4,0,3.6,0,0,0,56.13,20.33,0.08,0
3.5,84.94,11.04,4.02,0,0,0,49.26,17.34,0,0
3.5,97.7,0,2.3,0,0,0,51.09,18.64,0.08,0
3.5,97.7,0.1,2,0,0,0,54.2,20.39,1.04,0.17
3.5,97.6,0,2.1,0,0,0,54.15,20.39,0,0
3.5,97.7,0,2.2,0,0,0,55.42,20.39,0,0
3.5,98.4,0,1.6,0,0,0,55.37,20.39,66.8,0
3.5,98,0,2,0,0,0,56.65,20.39,0.08,0
3.5,96.8,0,3.2,0,0,0,58.31,20.39,0.08,0
3.5,93.39,1.6,4.9,0,0,0,56.95,20.39,0.08,0
3.5,81.56,15.03,3.31,0,0.1,0,53.04,18.21,0.64,0.17
3.5,96.9,0.1,2.9,0,0,0,56.84,20.36,0.08,0
3.5,96.9,0,2.7,0,0,0,56.76,20.36,0,0
3.5,98.4,0,1.6,0,0,0,57.41,20.36,0,0
3.5,96.9,0,2.8,0,0,0,57.9,20.36,15.68,0
3.5,98.5,0,1.5,0,0,0,58.38,20.36,51.04,0
3.5,97.3,0,2.7,0,0,0,60.08,20.36,0.08,0
3.5,96.6,0,3.4,0,0,0,61.87,20.36,0,0
3.5,89.88,5.61,4.31,0.1,0,0,55.18,17.84,0.64,0.17
3.5,96.69,0.1,3.01,0,0,0,59.11,19.88,0.32,0.43
3.5,97.9,0,1.7,0,0,0,59.18,20.31,0.32,0.08
3.5,98.9,0.1,1,0,0,0,59.14,20.31,0.08,0
3.5,96.9,0,2.8,0,0,0,60.4,20.31,0,0
3.5,98.5,0,1.4,0,0,0,60.31,20.31,53.92,0
3.5,96.7,0.1,3.1,0,0,0,61.64,20.31,9.2,0.5
3.5,96.5,0,3.5,0,0,0,63.35,20.31,0.08,0
3.5,84.92,9.45,5.43,0,0,0,56.3,17.22,1.76,0.5
3.5,97.4,0.1,2.5,0,0,0,58.15,18.33,0,0
3.5,95.1,0,4.4,0,0,0,62.34,20.58,0.64,1.68
3.5,90.61,5.99,3,0,0,0,63.56,20.58,0,1.25
3.5,62.22,36.36,1.01,0,0.1,0,64.18,20.58,0,0
3.5,54.82,20.48,2.01,22.69,0,0,65.1,20.58,55.68,0
3.5,50.35,45.61,3.83,0.1,0.1,0,62.57,18.94,1.04,0.25
3.5,77.44,20.24,1.91,0,0.1,0,64.74,20.19,0,0
3.5,63.49,32.66,1.62,1.62,0.1,0,64.96,20.19,11.44,0.33
3.5,60.73,35.71,1.32,1.73,0.2,0,65.29,20.19,11.36,0.17
3.5,54.55,43.33,2.02,0,0,0,66.57,20.19,0,0.42
3.5,62.94,32.02,4.63,0.1,0,0,64.37,19.36,1.36,0.51
3.5,76.93,17.28,2.34,3.05,0.2,0,66.74,20.5,16.32,0.17
3.5,61.13,37.26,1.41,0.1,0,0,67.22,20.5,0,0
3.5,61.27,37.31,1.01,0,0.2,0,67.31,20.5,0,0.08
3.5,53.23,44.46,2.32,0,0,0,69.1,20.5,0,0
3.5,62.12,33.13,3.64,0.81,0,0,66.29,19.33,17.36,0.34
3.5,73.65,23.91,2.03,0,0.2,0,67.97,20.55,10.88,0.17
3.5,54.75,44.04,1.01,0,0.1,0,68.59,20.55,0,0
3.5,60.62,38.47,0.6,0.1,0.1,0,69.21,20.55,0,0.08
3.5,53.02,44.67,2.31,0,0,0,70.9,20.55,0,0
3.5,78.43,16.33,2.92,2.02,0.1,0,69.3,20.19,8.06,0.33
3.5,63.54,34.34,0.7,0.81,0.1,0,69.2,20.19,9.44,0
3.5,54.15,44.43,1.32,0,0.1,0,69.78,20.19,0,0.2
3.5,45.96,50.81,3.03,0,0.1,0,67.05,16.62,0.8,0.2
3.5,76.76,20.62,2.41,0,0.1,0,70.23,20.28,0.16,0.07
3.5,63.84,34.95,0.81,0,0.1,0,70.17,20.28,0,0
3.5,54.27,41.77,1.12,2.54,0.1,0,70.78,20.28,16,0.07
3.5,46.73,50.15,2.82,0.1,0.1,0,68.03,16.5,0.88,0.2
3.5,75,22.06,2.83,0,0,0,71.15,20.02,0.24,0.07
3.5,65.49,32.89,1.01,0,0.2,0,71.06,20.22,0,0.2
3.5,81.63,15.84,2.42,0,0.1,0,72.66,20.22,8.56,0.13
3.5,54.37,43.92,1.71,0,0,0,74.04,20.22,0,0
3.5,67.67,28.31,3.61,0,0.1,0,73.03,19.99,1.12,0.26
3.5,68.31,30.17,1.11,0.1,0.1,0,73.03,19.99,0,0
3.5,55.14,42.04,0.71,1.81,0.1,0,73.64,19.99,8.56,0.11
3.5,52.72,45.47,1.81,0,0,0,75.22,19.99,0,0
3.5,4.04,93.33,0.81,1.72,0.1,0,70.96,16.45,11.76,0.26
3.5,58.03,39.46,2.41,0,0.1,0,73.94,20,0,0
3.5,68.49,29.28,0.81,0.91,0.1,0,74.1,20.44,8.56,1.3
3.5,60.51,37.37,1.52,0,0.1,0,74.72,20.44,0,0.95
3.5,55.5,43.19,1.31,0,0,0,75.53,20.44,0.08,0.19
3.5,45.9,50.86,3.04,0.1,0,0,72.19,16.48,1.12,0.33
3.5,58.11,38.77,1.61,1.31,0.1,0,73.89,19.21,10.24,0.01
3.5,67.51,31.07,1.01,0,0,0,75.18,20,0,1.22
3.5,60.08,38.21,1.21,0,0.1,0,75.81,20,0.08,0.9
3.5,54.83,43.96,0.91,0,0,0,76.59,20,0.08,0.16
3.5,48.29,48.69,2.82,0.1,0.1,0,73.42,16.47,1.12,0.25
3.5,0.4,94.54,0.1,4.75,0.1,0,73.36,16.47,16.32,0.08
3.5,5.12,94.28,0.6,0,0,0,73.64,18.53,0,0
3.5,78.19,19.88,1.83,0.1,0,0,76.36,20.01,0,0.59
3.5,65.79,32.9,0.8,0,0.1,0,76.44,20.01,0,0.8
3.5,60.18,38.61,0.91,0,0.1,0,76.91,20.01,0,1.05
3.5,79.1,17.99,2.91,0,0,0,78.83,20.01,16,0.1
3.5,48.18,48.28,3.33,0,0,0,75.95,18.72,1.28,0.33
3.5,77.51,20.18,2.11,0,0.1,0,78.68,20.04,0,0.53
3.5,64.82,34.07,0.8,0,0,0,78.81,20.04,0,0.78
3.5,53.43,45.05,1.41,0,0.1,0,79.73,20.04,0,0.58
3.5,55.2,41.57,3.03,0,0.1,0,77.53,18.51,1.12,0.27
3.5,68.51,25.45,3.12,2.21,0,0,80.28,20.48,12.08,1.5
3.5,55.42,38.1,3.55,2.03,0.1,0,82.72,20.48,14.56,2.12
3.5,45.03,50.62,3.21,0,0.21,0,84.82,20.28,0.4,2.68
3.5,2.13,97.36,0.3,0,0.1,0,83.98,20.28,0,1.22
3.5,1.12,98.58,0.1,0,0,0,83.46,20.28,0.48,0.99
3.5,1.64,96.62,0.61,0.82,0.1,0,82.36,20.28,2.72,1.78
3.5,53.88,43.29,2.52,0,0.1,0,82.95,20.28,11.36,0.69
3.5,97.4,0,2.1,0,0,0,82.39,20.28,24.88,0.94
3.5,97.9,0,1.7,0,0,0,81.91,20.28,50.56,0.83
3.5,98.7,0,1,0,0,0,81.41,20.28,11.6,0.73
3.5,98.7,0,1.1,0,0,0,81.05,20.28,0,0.4
3.5,99.1,0,0.8,0,0,0,80.96,20.28,0,0.08
3.5,98.9,0,1.1,0,0,0,80.92,20.28,8.64,0
3.5,98.4,0,1.1,0,0,0,80.62,20.28,0,0.42
3.5,98.5,0,1.1,0,0,0,80.21,20.28,0.8,0.63
3.5,98.7,0,1.1,0,0,0,79.84,20.28,0.08,0.56
3.5,98.9,0,1.1,0,0,0,79.82,20.28,0,0
3.5,99.2,0,0.8,0,0,0,79.8,20.28,0,0
3.5,84.74,10.74,4.52,0,0,0,63.04,17.79,0,0
3.5,92.49,0,4.9,0,0,0,66.23,20.37,0.08,3
3.5,93.8,0.1,4.8,0,0,0,67.68,20.37,0,2.01
3.5,92.51,0,5.19,0.1,0,0,68.64,20.37,0.56,2.31
3.5,91.97,0.5,5.82,0,0,0,69.83,20.37,0,2.77
3.5,91.69,0.1,6.01,0,0,0,70.65,20.37,20,2.76
3.5,86.61,0.2,4.7,7.59,0.1,0,71.35,19.44,100,1.32
3.5,97.1,0,2.1,0,0,0,70.34,19.24,89.76,1.14
3.5,97.9,0,1.6,0,0,0,70.21,19.24,0.08,0.74
3.5,98.4,0,1.4,0,0,0,69.75,19.45,0,0.68
3.5,98.4,0,1.4,0,0,0,69.38,19.45,0.08,0.47
3.5,98.6,0,1.2,0,0,0,69.17,19.45,16,0.25
3.5,98.8,0,1.1,0,0,0,69.13,19.45,26.96,0
3.5,98.7,0,1.3,0,0,0,69.11,19.45,10.88,0
3.5,98.5,0,1.4,0,0,0,68.82,19.45,0.48,0.42
3.5,98.5,0,1.3,0,0,0,68.37,19.45,0.08,0.73
3.5,98.8,0,1,0,0,0,68.06,19.45,0.08,0.46
3.5,99,0,1,0,0,0,68.04,19.45,0,0
3.5,37.29,59.9,2.81,0,0,0,49.84,12.42,0.08,0
3.5,0,99.8,0.1,0.1,0,0,49.78,12.42,0,0
3.5,0.1,99.9,0,0,0,0,49.71,12.42,0,0
3.5,0,99.9,0.1,0,0,0,49.65,12.42,0.72,0
3.5,0.1,99.8,0.1,0,0,0,49.58,12.42,0,0
3.5,0,99.7,0.2,0,0,0,49.53,12.42,0,0
3.5,0.2,96.69,3.01,0,0.1,0,20.5,12.42,0.08,0
3.5,0.1,99.8,0.1,0,0,0,20.43,12.42,0,0
3.5,63.29,33.9,2.81,0,0,0,22.7,17.33,0,0
3.5,96.9,0.3,2.7,0,0,0,26.61,19.49,0,0
3.5,98.1,0,1.5,0,0,0,26.51,19.83,0,0
3.5,98.6,0,1.2,0,0,0,26.44,19.83,0,0
3.5,98,0,2,0,0,0,27.34,19.83,0,0
3.5,98.2,0,1.7,0,0,0,27.3,19.83,0,0
3.5,99.6,0,0.4,0,0,0,27.24,19.83,0,0
3.5,97.7,0,2.1,0,0,0,28.16,19.83,0.08,0
3.5,99.7,0,0.3,0,0,0,28.23,19.83,0.4,0
3.5,98.1,0,1.9,0,0,0,29.32,19.83,0,0
3.5,97.5,0,2.4,0.1,0,0,30.17,19.83,0.08,0
3.5,97.3,0,2.7,0,0,0,31.02,19.83,9.44,0
3.5,90.41,5.49,4,0,0,0,23.9,16.88,0.08,0
3.5,97.3,0.1,2.6,0,0,0,25.44,17.83,0.08,0
3.5,96.8,0.1,2.6,0,0,0,28.62,19.53,0.56,0.16
3.5,97.6,0,2.2,0,0,0,28.53,19.53,0.08,0
3.5,98.5,0,1.5,0,0,0,28.84,19.53,59.76,0
3.5,98.5,0,1.4,0,0,0,29.4,19.53,0.08,0
3.5,98.6,0,1.3,0,0,0,29.33,19.53,0.16,0
3.5,97.9,0,2.1,0,0,0,30.23,19.53,0.08,0
3.5,99.2,0,0.7,0,0,0,30.43,19.53,0.88,0
3.5,98.4,0,1.6,0,0,0,31.31,19.53,0.08,0
3.5,97.8,0,2.2,0,0,0,32.15,19.53,9.36,0
3.5,98,0,2,0,0,0,33.03,19.53,0.08,0
3.5,96.2,0.5,3.3,0,0,0,31.1,19.53,0.08,0
3.5,81.59,15.49,2.82,0,0.1,0,27.29,17.86,0.56,0.16
3.5,95.3,0.1,4,0,0,0,30.77,19.84,1.28,1.43
3.5,97.7,0.1,2,0,0,0,32.22,19.84,12.32,0.07
3.5,62.64,27.9,1.41,8.06,0,0,32.86,19.84,43.36,0
3.5,61.05,37.84,0.81,0,0.1,0,33.34,19.84,1.84,0
3.5,54.93,43.76,1.21,0,0.1,0,34.13,19.84,0.4,0
3.5,51.16,47.34,1.51,0,0,0,35.06,19.84,0.08,0
3.5,66.23,30.54,3.12,0,0.1,0,32.32,19.06,0.72,0.14
3.5,66.77,29.29,1.92,1.72,0.1,0,34.56,19.86,16.24,0
3.5,60.6,38.19,1.11,0,0.1,0,35.15,19.86,0.8,0
3.5,62.63,36.06,1.11,0,0.1,0,35.71,19.65,2.4,0.07
3.5,53.81,44.97,1.12,0,0,0,36.51,19.65,0.24,0.36
3.5,50.86,40.08,1.51,7.25,0.1,0,37.1,19.65,13.12,0.39
3.5,52.92,44.35,2.42,0.1,0.1,0,34.19,18.87,0.72,0.14
3.5,69.64,28.63,1.52,0,0.1,0,36.5,19.52,2.16,0.07
3.5,67.64,31.46,0.7,0,0.1,0,36.95,19.52,0.64,0
3.5,63.13,35.86,0.71,0,0.1,0,37.64,19.52,2.16,0
3.5,51.86,46.93,1.01,0,0.1,0,38.19,19.52,0.24,0
3.5,54.49,42.38,1.31,1.82,0,0,39.16,19.52,11.44,0.07
3.5,57.07,40.18,2.44,0,0,0,36.1,18.79,0.96,0.61
3.5,71.46,26.62,1.42,0.1,0.2,0,38.45,19.84,2.48,0.14
3.5,68.72,30.27,0.91,0,0,0,38.87,19.84,1.2,0.13
3.5,84.88,13.1,1.71,0,0.1,0,40.07,19.84,1.92,0.14
3.5,84.3,14,1.6,0,0,0,40.82,19.84,0.48,0
3.5,54.39,42.38,1.41,1.72,0.1,0,41.57,19.84,10.32,0.07
3.5,50.81,47.17,1.92,0,0,0,42.53,19.84,0,0.19
3.5,73.71,22.65,3.54,0,0.1,0,41.47,19.88,1.2,0.29
3.5,74.57,22.72,2.5,0,0.1,0,39.72,18.95,0.16,0
3.5,70.03,25.33,2.42,2.12,0.1,0,39.65,18.51,12.16,0
3.5,71.15,26.32,2.53,0,0,0,39.24,18.49,0.16,0
3.5,75.88,21.8,2.22,0,0.1,0,38.65,16.23,0,0
3.5,0.4,97.38,0.2,1.81,0.1,0,38.51,16.23,10.48,0.19
3.5,29.51,69.08,1.41,0,0,0,39.73,18.75,0,0
3.5,68.32,29.25,1.82,0.2,0.1,0,41.84,20.25,0.64,0.62
3.5,68.71,29.89,0.9,0.2,0,0,41.96,20.25,0.56,0.32
3.5,61.55,36.83,1.21,0,0,0,42.23,20.25,0.48,0.77
3.5,52.82,46.17,0.81,0,0.1,0,42.67,20.25,0,0.34
3.5,54.44,43.95,1.31,0,0.1,0,43.63,20.25,0.08,0.07
3.5,28.95,69.43,1.62,0,0,0,39.49,16.15,1.28,0.29
3.5,43.65,54.84,1.41,0,0,0,40.75,18.85,0,0.15
3.5,52.23,45.45,2.02,0,0.1,0,40.12,18.43,0.72,0.28
3.5,75.81,21.47,2.52,0,0.1,0,42.7,19.72,0.08,0.2
3.5,74.92,20.04,4.53,0,0,0,42.83,20.19,0.8,1.28
3.5,54.07,41.97,2.24,1.32,0.1,0,43.84,20.19,8.32,1.53
3.5,33.16,64.81,1.92,0,0,0,44.07,20.19,0,1.25
3.5,1.01,98.29,0.5,0,0.1,0,43.66,20.19,0,0.6
3.5,3.14,96.56,0.2,0,0,0,43.29,20.19,0,0.54
3.5,96.5,0.6,2.8,0.1,0,0,44.67,20.19,0,0.14
3.5,98,0,1.8,0,0,0,45.07,20.39,0,0.17
3.5,97.09,0,2.51,0,0,0,45.01,20.39,12.88,0.37
3.5,96.81,0.3,2.59,0,0,0,45.51,20.39,11.52,0
3.5,97.3,0,2.4,0,0,0,45.93,20.39,0,0.15
3.5,97.6,0,2.1,0,0,0,46.47,20.39,0.08,0
3.5,97.8,0,1.8,0,0,0,46.99,20.39,12.8,0
3.5,97.1,0,2.6,0.1,0,0,47.5,20.39,100,0
3.5,97.7,0,2.1,0,0,0,48.01,20.39,2.56,0
3.5,97.9,0,2,0,0,0,48.51,20.39,0,0
3.5,97.5,0,2.4,0,0,0,49.02,20.39,0,0
3.5,97.5,0,2.3,0,0,0,49.52,20.39,0,0
3.5,97.5,0,2.3,0,0,0,50.03,20.39,0.08,0
3.5,97.2,0,2.6,0,0,0,50.55,20.39,2.4,0
3.5,37.88,2.83,1.41,57.58,0.2,0,50.44,20.39,73.84,0.39
3.5,97.4,0,2.3,0,0,0,50.8,20.39,0.08,0.31
3.5,97.3,0,2.6,0,0,0,51.33,20.39,0,0
3.5,97.2,0,2.6,0,0,0,51.85,20.39,0.08,0
3.5,97,0,2.8,0,0,0,52.37,20.39,0,0
3.5,96.6,0.2,3,0,0,0,52.91,20.39,32.8,0
3.5,97.1,0,2.5,0,0,0,53.43,20.39,43.36,0
3.5,96.8,0,2.8,0,0,0,53.95,20.39,0.08,0
3.5,97.7,0,1.9,0,0,0,53.82,20.39,0,0
3.5,96.1,0,3.5,0,0,0,50.48,20.39,0.08,0
3.5,88.05,8.03,3.92,0,0,0,44.52,17.23,0.08,0
3.5,94.29,0.2,3.6,0,0,0,45.75,19.07,0.08,2.69
3.5,87.41,0.2,4.3,7.29,0,0,47.7,20.18,56.32,1.53
3.5,94.69,0,4,0,0,0,48.69,20.18,0,2.62
3.5,96.9,0.1,2.9,0,0,0,50.08,20.18,0,0.32
3.5,95.88,0.3,3.21,0,0,0,51.23,20.18,0,0.79
3.5,97.4,0,2.4,0,0,0,51.45,20.18,0.08,0.29
3.5,97.5,0,2.2,0,0,0,51.71,20.18,11.04,0.29
3.5,97.2,0,2.5,0,0,0,52.23,20.18,6.48,0
3.5,97.6,0,2,0,0,0,52.75,20.18,6.16,0
3.5,98,0,1.6,0,0,0,53.27,20.18,42.56,0
3.5,97.4,0,2.5,0,0,0,53.78,20.18,21.04,0
3.5,96.8,0.1,2.8,0,0,0,54.28,20.18,48.86,0
3.5,97.3,0,2.5,0,0,0,54.77,20.18,27.28,0
3.5,97.8,0,1.9,0,0,0,55.32,20.18,0,0
3.5,98,0,1.7,0,0,0,55.92,20.18,0.08,0
3.5,97.5,0,2.3,0,0,0,56.49,20.18,0,0
3.5,97.3,0,2.4,0,0,0,57.09,20.18,0,0
3.5,97.4,0,2.3,0,0,0,57.68,20.18,0,0
3.5,96.6,0,2.9,0,0,0,58.26,20.18,76.16,0
3.5,97.2,0,2.5,0,0,0,58.84,20.18,0,0
3.5,97,0,2.6,0,0,0,59.19,20.18,0,0.47
3.5,97,0.2,2.4,0,0,0,59.61,20.18,0,0.21
3.5,97.5,0,2.1,0,0,0,60.22,20.18,0,0
3.5,97.3,0,2.5,0,0,0,60.81,20.18,8.4,0
3.5,96.9,0,2.7,0.1,0,0,61.39,20.18,67.84,0
3.5,96.8,0.1,2.9,0,0,0,61.96,20.18,0.08,0
4,97.1,0,2.4,0,0,0,61.49,20.18,0,0
4,78.36,18.24,3.31,0,0,0,50.29,12.07,0.08,0
4,0.1,99.8,0.1,0,0,0,50.29,12.07,0,0
4,0.1,81.65,0.1,17.94,0.2,0,50.29,12.07,37.52,0
4,0.1,90.67,0.2,9.03,0,0,50.29,12.07,20.08,0
4,0,100,0,0,0,0,50.29,12.07,0,0
4,0,99.9,0.1,0,0,0,50.29,12.07,0,0
4,0,100,0,0,0,0,50.29,12.07,0,0
4,0.2,99.8,0,0,0,0,50.29,12.07,0,0
4,0.1,99.8,0.1,0,0,0,50.31,12.07,0,0
4,0.3,99.1,0.5,0,0.1,0,44.97,12.07,0.08,0
4,0,100,0,0,0,0,44.97,12.07,0,0
4,85.27,11.72,3.01,0,0,0,47.57,17.55,0,0
4,96.3,0.2,3.1,0,0,0,51.31,19.6,0.08,0
4,98,0,1.8,0,0,0,51.31,19.6,0.08,0
4,98.7,0,1.3,0,0,0,52.05,19.6,0,0
4,96.4,0,3,0,0,0,52.67,19.6,0,0
4,99.1,0,0.9,0,0,0,52.96,19.6,0,0
4,96.9,0,3.1,0,0,0,54.71,19.6,0.08,0
4,96.7,0,3.1,0.1,0,0,56.38,19.6,0,0
4,87.89,7.11,5.01,0,0,0,52.32,18.27,0,0
4,95,2,2.9,0,0,0,52.53,18.34,0.48,0
4,84.94,12.45,2.21,0,0.1,0,53.92,19.68,0.48,0.94
4,60.81,37.37,1.52,0,0,0,54.54,19.68,0,0
4,53.78,45.02,1.21,0,0,0,55.35,19.68,0,0
4,51.82,17.11,3.64,27.23,0.2,0,52.54,18.21,67.12,0.08
4,78.15,19.03,2.42,0,0.2,0,55.34,19.63,0,0
4,64.75,34.14,0.91,0,0,0,55.36,19.63,0,0.01
4,86.33,9.55,3.82,0.1,0,0,57.21,19.63,0,0.49
4,54.79,43.59,1.51,0,0,0,58.06,19.63,0,0.22
4,54.48,42.09,3.22,0,0.1,0,55.58,18.42,0,0.08
4,77.48,15.42,2.43,4.36,0.1,0,58.06,19.63,21.2,0.48
4,65.33,33.77,0.7,0,0.1,0,58.1,19.63,0,0
4,59.98,38.5,1.32,0,0.1,0,58.64,19.63,0,0
4,55.04,40.02,2.32,2.62,0,0,60.18,19.63,8,0.08
4,59.94,32.8,3.53,3.63,0.1,0,57.62,18.35,4.32,0.08
4,75.35,22.12,1.92,0,0.1,0,59.39,19.72,2.24,0.25
4,89.46,5.62,2.91,1.81,0,0,60.52,19.72,21.2,0.34
4,62.13,36.05,1.21,0.1,0.2,0,60.84,19.72,0.32,0.08
4,53.88,43.29,2.62,0,0,0,62.44,19.72,0,0.08
4,55.68,41.08,3.04,0,0.2,0,59.74,18.38,0.88,0.17
4,74.55,20.71,2.02,2.42,0.1,0,61.65,19.8,19.68,0
4,57.59,40.79,1.32,0,0.1,0,62.04,19.8,0,0.42
4,60.93,37.25,0.71,1.11,0,0,62.57,19.8,12.48,0.08
4,54.54,43.35,2.12,0,0,0,64.13,19.8,0,0
4,75.3,21.36,2.83,0,0.1,0,62.58,19.54,1.12,0.42
4,60.85,30.12,1.01,7.4,0.2,0,62.59,19.54,19.84,0
4,62.39,35.79,1.42,0.1,0.1,0,63.21,19.54,0,0
4,54.02,44.37,1.31,0,0,0,63.87,19.54,17.28,0.34
4,51.36,44.71,3.42,0,0.1,0,61.17,18.39,1.68,0.58
4,76.82,19.33,2.43,1.21,0.1,0,63.59,19.7,16,0
4,64.31,34.98,0.6,0,0,0,63.81,19.7,0,0
4,60.32,37.76,1.61,0,0.2,0,64.13,19.7,0,0
4,72.61,25.18,1.91,0,0,0,65.87,19.7,0.08,0.33
4,58.27,37.9,3.63,0,0,0,63.14,18.13,1.2,0.33
4,78.08,18.79,2.02,0.81,0.2,0,66.01,20.05,16,0
4,64.21,34.68,0.91,0,0,0,65.98,20.05,0,0
4,60.54,37.45,1.41,0,0.2,0,66.6,20.05,0,0
4,55.59,43.2,1.21,0,0,0,67.95,20.05,0,0
4,47.37,46.26,3.54,2.63,0.1,0,65.02,18.33,24.88,0.33
4,70.42,21.43,1.91,6.04,0.1,0,67.14,19.64,24.56,0
4,64.21,34.58,1.21,0,0,0,67.61,19.64,0.08,0.21
4,60.93,37.65,1.01,0,0.2,0,67.68,19.64,0,0.12
4,53.23,44.25,2.52,0,0,0,69.46,19.64,0,0
4,69.53,26.94,3.33,0,0.1,0,66.85,18.7,1.28,0.33
4,69.5,25.03,1.42,3.55,0.1,0,68.44,19.56,19.52,0
4,58.59,39.39,1.62,0.1,0.2,0,69.06,19.56,0,0
4,54.79,44.1,1.11,0,0,0,69.83,19.56,0,0
4,49.75,46.41,3.64,0,0,0,66.87,18.1,1.44,0.34
4,78.67,18.2,2.53,0,0.2,0,69.69,19.65,0.08,0.08
4,65.06,33.94,0.7,0.1,0,0,69.64,19.65,16,0
4,52.27,45.91,1.61,0.1,0.1,0,70.55,19.65,0,0
4,52.02,44.24,3.54,0,0.1,0,68.35,18.11,1.04,0.26
4,86.98,9.49,3.43,0,0,0,71.93,19.47,0.56,0.07
4,62.76,35.82,0.71,0.1,0.2,0,71.87,19.47,16.08,0
4,55.67,43.02,1.32,0,0,0,72.5,19.47,0.08,0.27
4,47.01,49.24,3.44,0,0.1,0,70.04,18.05,0.8,0.26
4,80.62,16.47,2.61,0,0.1,0,72.98,19.47,0.48,0.11
4,62.78,35.11,0.7,1.21,0,0,72.86,19.47,13.49,0
4,54.59,42.08,1.31,1.92,0.1,0,73.72,19.47,11.28,0
4,42.79,54.49,2.62,0,0.1,0,70.96,17.99,0.8,0.2
4,81.35,15.93,2.52,0,0,0,74.01,19.5,0.32,0.07
4,62.79,33.97,0.91,1.72,0.2,0,73.96,19.5,7.76,0
4,54.7,44.29,0.81,0,0,0,74.71,19.5,0.08,0.08
4,43.35,53.63,2.92,0,0.1,0,71.87,15.83,0.72,0.2
4,0.4,99.3,0.2,0,0.1,0,71.81,15.83,0.48,0.07
4,0.2,98.38,0.1,1.21,0,0,71.74,15.83,8.56,0.08
4,0.4,99.4,0.1,0,0.1,0,71.7,15.83,0.08,0
4,66,31.79,2.11,0,0,0,74.68,19.45,0,0.1
4,64.99,33.7,0.8,0,0.1,0,74.71,19.45,0,1.2
4,61.96,35.22,1.61,0.71,0,0,75.32,19.45,8.48,0.97
4,54.92,43.67,1.31,0,0,0,76.24,19.45,0,0.1
4,36.69,59.68,3.23,0.1,0.1,0,72.94,15.79,1.36,0.33
4,74.37,22.71,2.91,0,0,0,75.21,18.5,0,0.17
4,75.3,22.67,1.62,0,0.1,0,77.14,19.86,0,1.22
4,54.25,44.53,1.11,0,0.1,0,77.74,19.86,0,0.51
4,53.33,45.06,1.51,0.1,0,0,78.89,19.86,0,0.07
4,65.22,31.85,2.72,0,0.1,0,76.37,18.77,1.2,0.27
4,72.9,23.76,1.82,1.11,0,0,77.94,19.44,16,1.22
4,54.41,41.64,1.72,1.72,0.2,0,78.17,19.44,14.4,0.59
4,53.86,44.31,1.73,0,0,0,78.55,19.44,0.24,1.21
4,65.22,30.33,3.74,0,0.1,0,75.6,18.63,1.12,0.93
4,65.12,29.32,3.84,0,0.1,0,78.31,19.81,11.04,2.94
4,94.8,0.1,4.3,0,0,0,79.12,19.81,0.32,1.19
4,95.1,0,3.9,0,0,0,79.85,19.81,0.24,1.08
4,95.4,0,3.3,0,0,0,80.7,19.81,0.48,1.31
4,97.5,0.1,2.1,0,0,0,81.13,19.81,2.64,0.57
4,98.5,0,1.3,0,0,0,81.08,19.81,0.08,0.36
4,99.1,0,0.9,0,0,0,80.88,19.81,6.24,0
4,99.1,0,0.9,0,0,0,80.85,19.81,51.76,0
4.5,98.9,0,0.9,0,0,0,80.61,19.81,13.6,0.34
4.5,98.1,0,1.8,0,0,0,80.13,19.81,41.68,0.73
4.5,99,0,0.9,0,0,0,79.84,19.81,1.84,0.43
4.5,99.1,0,0.9,0,0,0,79.81,19.81,0.32,0
4.5,89.07,8.53,2.41,0,0,0,70.79,18.07,0,0
4.5,98,0.1,1.8,0,0,0,71.46,18.56,0.08,0.51
4.5,95.3,0,3.7,0,0,0,73.25,19.76,0.32,1.62
4.5,93.11,0.9,4.9,0,0,0,68.09,19.76,0,1.57
4.5,91.86,1.41,5.23,0,0,0,65.92,18.83,0,2.3
4.5,92.66,0.2,4.62,0,0,0,67.74,20.02,0,3.61
4.5,93.51,0,5.59,0,0,0,69.49,20.02,0.32,2.13
4.5,95,0.1,4,0,0,0,69.69,20.02,13.04,1.75
4.5,93.5,0,5,0,0,0,70.21,19.78,58.16,1.47
4.5,94.3,0.1,4.2,0.1,0,0,71.09,19.78,100,0.74
4.5,97.8,0,1.8,0,0,0,70.84,19.78,55.2,0.68
4.5,98,0,1.8,0,0,0,70.75,19.78,0,0.25
4.5,99.3,0,0.7,0,0,0,70.64,19.78,0,0
4.5,98.9,0,1.1,0,0,0,70.54,19.78,0.08,0
4.5,98.6,0,1.4,0,0,0,70.5,19.78,12.88,0
4.5,98.8,0,1.2,0,0,0,70.44,19.78,11.12,0.1
4.5,98.6,0,1.2,0,0,0,69.95,19.78,1.84,0.85
4.5,98.2,0,1.6,0,0,0,69.65,19.78,0.32,0.58
4.5,76.73,20.96,2.31,0,0,0,60.22,15.83,0,0
4.5,50.65,48.24,0.91,0,0.2,0,60.22,15.83,0.08,0
4.5,6.73,92.16,1.01,0.1,0,0,50.82,11.92,0.32,0
4.5,0.1,99.9,0,0,0,0,50.76,11.92,0,0
4.5,0,99.9,0.1,0,0,0,50.69,11.92,0,0
4.5,0,100,0,0,0,0,50.63,11.92,0,0
